Country Name,Country Code,Series Name,Series Code,2015 [YR2015]
Afghanistan,AFG,Control of Corruption: Estimate,CC.EST,-1.342216
Afghanistan,AFG,Government Effectiveness: Estimate,GE.EST,-1.323176
Afghanistan,AFG,Political Stability and Absence of Violence/Terrorism: Estimate,PV.EST,-2.571222
Afghanistan,AFG,Regulatory Quality: Estimate,RQ.EST,-0.9973711
Afghanistan,AFG,Rule of Law: Estimate,RL.EST,-1.504086
Afghanistan,AFG,Voice and Accountability: Estimate,VA.EST,-1.117563
Albania,ALB,Control of Corruption: Estimate,CC.EST,-0.4790351
Albania,ALB,Government Effectiveness: Estimate,GE.EST,0.0100208
Albania,ALB,Political Stability and Absence of Violence/Terrorism: Estimate,PV.EST,0.3461291
Albania,ALB,Regulatory Quality: Estimate,RQ.EST,0.1866678
Albania,ALB,Rule of Law: Estimate,RL.EST,-0.3283079
Albania,ALB,Voice and Accountability: Estimate,VA.EST,0.1571486
Algeria,DZA,Control of Corruption: Estimate,CC.EST,-0.6456115
Algeria,DZA,Government Effectiveness: Estimate,GE.EST,-0.5011278
Algeria,DZA,Political Stability and Absence of Violence/Terrorism: Estimate,PV.EST,-1.09016
Algeria,DZA,Regulatory Quality: Estimate,RQ.EST,-1.173605
Algeria,DZA,Rule of Law: Estimate,RL.EST,-0.8640082
Algeria,DZA,Voice and Accountability: Estimate,VA.EST,-0.8490652
American Samoa,ASM,Control of Corruption: Estimate,CC.EST,1.218931
American Samoa,ASM,Government Effectiveness: Estimate,GE.EST,0.4871241
American Samoa,ASM,Political Stability and Absence of Violence/Terrorism: Estimate,PV.EST,1.181357
American Samoa,ASM,Regulatory Quality: Estimate,RQ.EST,0.1724523
American Samoa,ASM,Rule of Law: Estimate,RL.EST,1.345114
American Samoa,ASM,Voice and Accountability: Estimate,VA.EST,..
Andorra,AND,Control of Corruption: Estimate,CC.EST,1.218931
Andorra,AND,Government Effectiveness: Estimate,GE.EST,1.786852
Andorra,AND,Political Stability and Absence of Violence/Terrorism: Estimate,PV.EST,1.391288
Andorra,AND,Regulatory Quality: Estimate,RQ.EST,0.9129404
Andorra,AND,Rule of Law: Estimate,RL.EST,1.575856
Andorra,AND,Voice and Accountability: Estimate,VA.EST,1.194477
Angola,AGO,Control of Corruption: Estimate,CC.EST,-1.395014
Angola,AGO,Government Effectiveness: Estimate,GE.EST,-1.000327
Angola,AGO,Political Stability and Absence of Violence/Terrorism: Estimate,PV.EST,-0.5008978
Angola,AGO,Regulatory Quality: Estimate,RQ.EST,-0.9091855
Angola,AGO,Rule of Law: Estimate,RL.EST,-1.081989
Angola,AGO,Voice and Accountability: Estimate,VA.EST,-1.177248
Anguilla,AIA,Control of Corruption: Estimate,CC.EST,1.218931
Anguilla,AIA,Government Effectiveness: Estimate,GE.EST,1.007015
Anguilla,AIA,Political Stability and Absence of Violence/Terrorism: Estimate,PV.EST,1.249272
Anguilla,AIA,Regulatory Quality: Estimate,RQ.EST,0.9129404
Anguilla,AIA,Rule of Law: Estimate,RL.EST,-0.0393401
Anguilla,AIA,Voice and Accountability: Estimate,VA.EST,..
Antigua and Barbuda,ATG,Control of Corruption: Estimate,CC.EST,0.6899276
Antigua and Barbuda,ATG,Government Effectiveness: Estimate,GE.EST,0.2271785
Antigua and Barbuda,ATG,Political Stability and Absence of Violence/Terrorism: Estimate,PV.EST,1.004725
Antigua and Barbuda,ATG,Regulatory Quality: Estimate,RQ.EST,0.3740782
Antigua and Barbuda,ATG,Rule of Law: Estimate,RL.EST,0.5897811
Antigua and Barbuda,ATG,Voice and Accountability: Estimate,VA.EST,0.5949928
Argentina,ARG,Control of Corruption: Estimate,CC.EST,-0.5470773
Argentina,ARG,Government Effectiveness: Estimate,GE.EST,-0.0752744
Argentina,ARG,Political Stability and Absence of Violence/Terrorism: Estimate,PV.EST,0.0147854
Argentina,ARG,Regulatory Quality: Estimate,RQ.EST,-0.9114419
Argentina,ARG,Rule of Law: Estimate,RL.EST,-0.7708783
Argentina,ARG,Voice and Accountability: Estimate,VA.EST,0.4117875
Armenia,ARM,Control of Corruption: Estimate,CC.EST,-0.5338398
Armenia,ARM,Government Effectiveness: Estimate,GE.EST,-0.1610711
Armenia,ARM,Political Stability and Absence of Violence/Terrorism: Estimate,PV.EST,-0.2523326
Armenia,ARM,Regulatory Quality: Estimate,RQ.EST,0.2418069
Armenia,ARM,Rule of Law: Estimate,RL.EST,-0.3879299
Armenia,ARM,Voice and Accountability: Estimate,VA.EST,-0.5362936
Aruba,ABW,Control of Corruption: Estimate,CC.EST,1.29756
Aruba,ABW,Government Effectiveness: Estimate,GE.EST,0.8832577
Aruba,ABW,Political Stability and Absence of Violence/Terrorism: Estimate,PV.EST,1.230921
Aruba,ABW,Regulatory Quality: Estimate,RQ.EST,1.371496
Aruba,ABW,Rule of Law: Estimate,RL.EST,1.260903
Aruba,ABW,Voice and Accountability: Estimate,VA.EST,1.273942
Australia,AUS,Control of Corruption: Estimate,CC.EST,1.882711
Australia,AUS,Government Effectiveness: Estimate,GE.EST,1.564191
Australia,AUS,Political Stability and Absence of Violence/Terrorism: Estimate,PV.EST,0.8849798
Australia,AUS,Regulatory Quality: Estimate,RQ.EST,1.788684
Australia,AUS,Rule of Law: Estimate,RL.EST,1.825073
Australia,AUS,Voice and Accountability: Estimate,VA.EST,1.355591
Austria,AUT,Control of Corruption: Estimate,CC.EST,1.511966
Austria,AUT,Government Effectiveness: Estimate,GE.EST,1.481696
Austria,AUT,Political Stability and Absence of Violence/Terrorism: Estimate,PV.EST,1.143079
Austria,AUT,Regulatory Quality: Estimate,RQ.EST,1.403266
Austria,AUT,Rule of Law: Estimate,RL.EST,1.849107
Austria,AUT,Voice and Accountability: Estimate,VA.EST,1.383533
Azerbaijan,AZE,Control of Corruption: Estimate,CC.EST,-0.9300975
Azerbaijan,AZE,Government Effectiveness: Estimate,GE.EST,-0.2576264
Azerbaijan,AZE,Political Stability and Absence of Violence/Terrorism: Estimate,PV.EST,-0.7295656
Azerbaijan,AZE,Regulatory Quality: Estimate,RQ.EST,-0.2547193
Azerbaijan,AZE,Rule of Law: Estimate,RL.EST,-0.6737632
Azerbaijan,AZE,Voice and Accountability: Estimate,VA.EST,-1.552387
"Bahamas, The",BHS,Control of Corruption: Estimate,CC.EST,1.136198
"Bahamas, The",BHS,Government Effectiveness: Estimate,GE.EST,0.7124429
"Bahamas, The",BHS,Political Stability and Absence of Violence/Terrorism: Estimate,PV.EST,0.9074765
"Bahamas, The",BHS,Regulatory Quality: Estimate,RQ.EST,0.1661729
"Bahamas, The",BHS,Rule of Law: Estimate,RL.EST,0.5970145
"Bahamas, The",BHS,Voice and Accountability: Estimate,VA.EST,0.9514745
Bahrain,BHR,Control of Corruption: Estimate,CC.EST,0.1390045
Bahrain,BHR,Government Effectiveness: Estimate,GE.EST,0.559505
Bahrain,BHR,Political Stability and Absence of Violence/Terrorism: Estimate,PV.EST,-1.07354
Bahrain,BHR,Regulatory Quality: Estimate,RQ.EST,0.8196669
Bahrain,BHR,Rule of Law: Estimate,RL.EST,0.4249487
Bahrain,BHR,Voice and Accountability: Estimate,VA.EST,-1.313066
Bangladesh,BGD,Control of Corruption: Estimate,CC.EST,-0.8084212
Bangladesh,BGD,Government Effectiveness: Estimate,GE.EST,-0.723855
Bangladesh,BGD,Political Stability and Absence of Violence/Terrorism: Estimate,PV.EST,-1.212018
Bangladesh,BGD,Regulatory Quality: Estimate,RQ.EST,-0.8990583
Bangladesh,BGD,Rule of Law: Estimate,RL.EST,-0.7513467
Bangladesh,BGD,Voice and Accountability: Estimate,VA.EST,-0.5120469
Barbados,BRB,Control of Corruption: Estimate,CC.EST,1.491027
Barbados,BRB,Government Effectiveness: Estimate,GE.EST,1.024859
Barbados,BRB,Political Stability and Absence of Violence/Terrorism: Estimate,PV.EST,1.135361
Barbados,BRB,Regulatory Quality: Estimate,RQ.EST,0.5658875
Barbados,BRB,Rule of Law: Estimate,RL.EST,1.095096
Barbados,BRB,Voice and Accountability: Estimate,VA.EST,1.096536
Belarus,BLR,Control of Corruption: Estimate,CC.EST,-0.3350109
Belarus,BLR,Government Effectiveness: Estimate,GE.EST,-0.4590869
Belarus,BLR,Political Stability and Absence of Violence/Terrorism: Estimate,PV.EST,0.1100165
Belarus,BLR,Regulatory Quality: Estimate,RQ.EST,-0.9935866
Belarus,BLR,Rule of Law: Estimate,RL.EST,-0.8130023
Belarus,BLR,Voice and Accountability: Estimate,VA.EST,-1.465078
Belgium,BEL,Control of Corruption: Estimate,CC.EST,1.514363
Belgium,BEL,Government Effectiveness: Estimate,GE.EST,1.560348
Belgium,BEL,Political Stability and Absence of Violence/Terrorism: Estimate,PV.EST,0.5870946
Belgium,BEL,Regulatory Quality: Estimate,RQ.EST,1.287759
Belgium,BEL,Rule of Law: Estimate,RL.EST,1.488841
Belgium,BEL,Voice and Accountability: Estimate,VA.EST,1.38744
Belize,BLZ,Control of Corruption: Estimate,CC.EST,-0.2224529
Belize,BLZ,Government Effectiveness: Estimate,GE.EST,-0.6844357
Belize,BLZ,Political Stability and Absence of Violence/Terrorism: Estimate,PV.EST,0.0430976
Belize,BLZ,Regulatory Quality: Estimate,RQ.EST,-0.4634508
Belize,BLZ,Rule of Law: Estimate,RL.EST,-0.7210283
Belize,BLZ,Voice and Accountability: Estimate,VA.EST,0.5781333
Benin,BEN,Control of Corruption: Estimate,CC.EST,-0.5508423
Benin,BEN,Government Effectiveness: Estimate,GE.EST,-0.6198767
Benin,BEN,Political Stability and Absence of Violence/Terrorism: Estimate,PV.EST,-0.013514
Benin,BEN,Regulatory Quality: Estimate,RQ.EST,-0.5630289
Benin,BEN,Rule of Law: Estimate,RL.EST,-0.5360809
Benin,BEN,Voice and Accountability: Estimate,VA.EST,0.2961213
Bermuda,BMU,Control of Corruption: Estimate,CC.EST,1.218931
Bermuda,BMU,Government Effectiveness: Estimate,GE.EST,1.007015
Bermuda,BMU,Political Stability and Absence of Violence/Terrorism: Estimate,PV.EST,0.983049
Bermuda,BMU,Regulatory Quality: Estimate,RQ.EST,0.9129404
Bermuda,BMU,Rule of Law: Estimate,RL.EST,0.8836293
Bermuda,BMU,Voice and Accountability: Estimate,VA.EST,..
Bhutan,BTN,Control of Corruption: Estimate,CC.EST,1.022701
Bhutan,BTN,Government Effectiveness: Estimate,GE.EST,0.4060493
Bhutan,BTN,Political Stability and Absence of Violence/Terrorism: Estimate,PV.EST,0.974715
Bhutan,BTN,Regulatory Quality: Estimate,RQ.EST,-0.7134356
Bhutan,BTN,Rule of Law: Estimate,RL.EST,0.5222453
Bhutan,BTN,Voice and Accountability: Estimate,VA.EST,-0.0348184
Bolivia,BOL,Control of Corruption: Estimate,CC.EST,-0.6964295
Bolivia,BOL,Government Effectiveness: Estimate,GE.EST,-0.6522306
Bolivia,BOL,Political Stability and Absence of Violence/Terrorism: Estimate,PV.EST,-0.2684872
Bolivia,BOL,Regulatory Quality: Estimate,RQ.EST,-0.8858231
Bolivia,BOL,Rule of Law: Estimate,RL.EST,-1.14112
Bolivia,BOL,Voice and Accountability: Estimate,VA.EST,-0.0046696
Bosnia and Herzegovina,BIH,Control of Corruption: Estimate,CC.EST,-0.3938885
Bosnia and Herzegovina,BIH,Government Effectiveness: Estimate,GE.EST,-0.5455111
Bosnia and Herzegovina,BIH,Political Stability and Absence of Violence/Terrorism: Estimate,PV.EST,-0.402437
Bosnia and Herzegovina,BIH,Regulatory Quality: Estimate,RQ.EST,-0.1956575
Bosnia and Herzegovina,BIH,Rule of Law: Estimate,RL.EST,-0.2814464
Bosnia and Herzegovina,BIH,Voice and Accountability: Estimate,VA.EST,-0.098101
Botswana,BWA,Control of Corruption: Estimate,CC.EST,0.8524585
Botswana,BWA,Government Effectiveness: Estimate,GE.EST,0.5016473
Botswana,BWA,Political Stability and Absence of Violence/Terrorism: Estimate,PV.EST,1.042092
Botswana,BWA,Regulatory Quality: Estimate,RQ.EST,0.4388786
Botswana,BWA,Rule of Law: Estimate,RL.EST,0.5960552
Botswana,BWA,Voice and Accountability: Estimate,VA.EST,0.4403417
Brazil,BRA,Control of Corruption: Estimate,CC.EST,-0.39647
Brazil,BRA,Government Effectiveness: Estimate,GE.EST,-0.1843512
Brazil,BRA,Political Stability and Absence of Violence/Terrorism: Estimate,PV.EST,-0.3314581
Brazil,BRA,Regulatory Quality: Estimate,RQ.EST,-0.1926553
Brazil,BRA,Rule of Law: Estimate,RL.EST,-0.147159
Brazil,BRA,Voice and Accountability: Estimate,VA.EST,0.4588515
Brunei Darussalam,BRN,Control of Corruption: Estimate,CC.EST,0.5727226
Brunei Darussalam,BRN,Government Effectiveness: Estimate,GE.EST,1.059632
Brunei Darussalam,BRN,Political Stability and Absence of Violence/Terrorism: Estimate,PV.EST,1.242662
Brunei Darussalam,BRN,Regulatory Quality: Estimate,RQ.EST,0.852387
Brunei Darussalam,BRN,Rule of Law: Estimate,RL.EST,0.4078772
Brunei Darussalam,BRN,Voice and Accountability: Estimate,VA.EST,-0.7541477
Bulgaria,BGR,Control of Corruption: Estimate,CC.EST,-0.2976201
Bulgaria,BGR,Government Effectiveness: Estimate,GE.EST,0.1148597
Bulgaria,BGR,Political Stability and Absence of Violence/Terrorism: Estimate,PV.EST,0.0173222
Bulgaria,BGR,Regulatory Quality: Estimate,RQ.EST,0.5637681
Bulgaria,BGR,Rule of Law: Estimate,RL.EST,-0.1256403
Bulgaria,BGR,Voice and Accountability: Estimate,VA.EST,0.432573
Burkina Faso,BFA,Control of Corruption: Estimate,CC.EST,-0.2772889
Burkina Faso,BFA,Government Effectiveness: Estimate,GE.EST,-0.6196991
Burkina Faso,BFA,Political Stability and Absence of Violence/Terrorism: Estimate,PV.EST,-0.6111074
Burkina Faso,BFA,Regulatory Quality: Estimate,RQ.EST,-0.3713624
Burkina Faso,BFA,Rule of Law: Estimate,RL.EST,-0.5234297
Burkina Faso,BFA,Voice and Accountability: Estimate,VA.EST,-0.1143418
Burundi,BDI,Control of Corruption: Estimate,CC.EST,-1.257721
Burundi,BDI,Government Effectiveness: Estimate,GE.EST,-1.18448
Burundi,BDI,Political Stability and Absence of Violence/Terrorism: Estimate,PV.EST,-1.939511
Burundi,BDI,Regulatory Quality: Estimate,RQ.EST,-0.7104732
Burundi,BDI,Rule of Law: Estimate,RL.EST,-1.167637
Burundi,BDI,Voice and Accountability: Estimate,VA.EST,-1.272203
Cabo Verde,CPV,Control of Corruption: Estimate,CC.EST,0.9505374
Cabo Verde,CPV,Government Effectiveness: Estimate,GE.EST,0.1672158
Cabo Verde,CPV,Political Stability and Absence of Violence/Terrorism: Estimate,PV.EST,0.8678104
Cabo Verde,CPV,Regulatory Quality: Estimate,RQ.EST,-0.2646035
Cabo Verde,CPV,Rule of Law: Estimate,RL.EST,0.5906401
Cabo Verde,CPV,Voice and Accountability: Estimate,VA.EST,0.9438737
Cambodia,KHM,Control of Corruption: Estimate,CC.EST,-1.118153
Cambodia,KHM,Government Effectiveness: Estimate,GE.EST,-0.6996924
Cambodia,KHM,Political Stability and Absence of Violence/Terrorism: Estimate,PV.EST,0.0619423
Cambodia,KHM,Regulatory Quality: Estimate,RQ.EST,-0.5250493
Cambodia,KHM,Rule of Law: Estimate,RL.EST,-0.9785324
Cambodia,KHM,Voice and Accountability: Estimate,VA.EST,-1.122615
Cameroon,CMR,Control of Corruption: Estimate,CC.EST,-1.074647
Cameroon,CMR,Government Effectiveness: Estimate,GE.EST,-0.7808179
Cameroon,CMR,Political Stability and Absence of Violence/Terrorism: Estimate,PV.EST,-0.9896075
Cameroon,CMR,Regulatory Quality: Estimate,RQ.EST,-0.9170986
Cameroon,CMR,Rule of Law: Estimate,RL.EST,-0.9760284
Cameroon,CMR,Voice and Accountability: Estimate,VA.EST,-0.9540781
Canada,CAN,Control of Corruption: Estimate,CC.EST,1.887181
Canada,CAN,Government Effectiveness: Estimate,GE.EST,1.761729
Canada,CAN,Political Stability and Absence of Violence/Terrorism: Estimate,PV.EST,1.274698
Canada,CAN,Regulatory Quality: Estimate,RQ.EST,1.717661
Canada,CAN,Rule of Law: Estimate,RL.EST,1.84192
Canada,CAN,Voice and Accountability: Estimate,VA.EST,1.467126
Cayman Islands,CYM,Control of Corruption: Estimate,CC.EST,1.019501
Cayman Islands,CYM,Government Effectiveness: Estimate,GE.EST,1.166461
Cayman Islands,CYM,Political Stability and Absence of Violence/Terrorism: Estimate,PV.EST,1.153418
Cayman Islands,CYM,Regulatory Quality: Estimate,RQ.EST,0.8151542
Cayman Islands,CYM,Rule of Law: Estimate,RL.EST,0.8167586
Cayman Islands,CYM,Voice and Accountability: Estimate,VA.EST,0.4691604
Central African Republic,CAF,Control of Corruption: Estimate,CC.EST,-1.308274
Central African Republic,CAF,Government Effectiveness: Estimate,GE.EST,-1.784837
Central African Republic,CAF,Political Stability and Absence of Violence/Terrorism: Estimate,PV.EST,-1.904765
Central African Republic,CAF,Regulatory Quality: Estimate,RQ.EST,-1.439941
Central African Republic,CAF,Rule of Law: Estimate,RL.EST,-1.684844
Central African Republic,CAF,Voice and Accountability: Estimate,VA.EST,-1.225521
Chad,TCD,Control of Corruption: Estimate,CC.EST,-1.364195
Chad,TCD,Government Effectiveness: Estimate,GE.EST,-1.461238
Chad,TCD,Political Stability and Absence of Violence/Terrorism: Estimate,PV.EST,-0.9745526
Chad,TCD,Regulatory Quality: Estimate,RQ.EST,-1.210751
Chad,TCD,Rule of Law: Estimate,RL.EST,-1.183333
Chad,TCD,Voice and Accountability: Estimate,VA.EST,-1.33518
Chile,CHL,Control of Corruption: Estimate,CC.EST,1.280415
Chile,CHL,Government Effectiveness: Estimate,GE.EST,1.085782
Chile,CHL,Political Stability and Absence of Violence/Terrorism: Estimate,PV.EST,0.4334392
Chile,CHL,Regulatory Quality: Estimate,RQ.EST,1.345232
Chile,CHL,Rule of Law: Estimate,RL.EST,1.343957
Chile,CHL,Voice and Accountability: Estimate,VA.EST,1.004488
China,CHN,Control of Corruption: Estimate,CC.EST,-0.2820595
China,CHN,Government Effectiveness: Estimate,GE.EST,0.4075751
China,CHN,Political Stability and Absence of Violence/Terrorism: Estimate,PV.EST,-0.5502946
China,CHN,Regulatory Quality: Estimate,RQ.EST,-0.2894387
China,CHN,Rule of Law: Estimate,RL.EST,-0.4098733
China,CHN,Voice and Accountability: Estimate,VA.EST,-1.660777
Colombia,COL,Control of Corruption: Estimate,CC.EST,-0.2981308
Colombia,COL,Government Effectiveness: Estimate,GE.EST,-0.0363947
Colombia,COL,Political Stability and Absence of Violence/Terrorism: Estimate,PV.EST,-1.069147
Colombia,COL,Regulatory Quality: Estimate,RQ.EST,0.4654272
Colombia,COL,Rule of Law: Estimate,RL.EST,-0.268497
Colombia,COL,Voice and Accountability: Estimate,VA.EST,0.0039271
Comoros,COM,Control of Corruption: Estimate,CC.EST,-0.719177
Comoros,COM,Government Effectiveness: Estimate,GE.EST,-1.522206
Comoros,COM,Political Stability and Absence of Violence/Terrorism: Estimate,PV.EST,-0.2327915
Comoros,COM,Regulatory Quality: Estimate,RQ.EST,-1.029055
Comoros,COM,Rule of Law: Estimate,RL.EST,-0.8152714
Comoros,COM,Voice and Accountability: Estimate,VA.EST,-0.2911683
"Congo, Dem. Rep.",COD,Control of Corruption: Estimate,CC.EST,-1.285472
"Congo, Dem. Rep.",COD,Government Effectiveness: Estimate,GE.EST,-1.629395
"Congo, Dem. Rep.",COD,Political Stability and Absence of Violence/Terrorism: Estimate,PV.EST,-2.150854
"Congo, Dem. Rep.",COD,Regulatory Quality: Estimate,RQ.EST,-1.34549
"Congo, Dem. Rep.",COD,Rule of Law: Estimate,RL.EST,-1.572591
"Congo, Dem. Rep.",COD,Voice and Accountability: Estimate,VA.EST,-1.303906
"Congo, Rep.",COG,Control of Corruption: Estimate,CC.EST,-1.196223
"Congo, Rep.",COG,Government Effectiveness: Estimate,GE.EST,-1.022413
"Congo, Rep.",COG,Political Stability and Absence of Violence/Terrorism: Estimate,PV.EST,-0.526366
"Congo, Rep.",COG,Regulatory Quality: Estimate,RQ.EST,-1.195739
"Congo, Rep.",COG,Rule of Law: Estimate,RL.EST,-1.078594
"Congo, Rep.",COG,Voice and Accountability: Estimate,VA.EST,-1.016874
Cook Islands,COK,Control of Corruption: Estimate,CC.EST,..
Cook Islands,COK,Government Effectiveness: Estimate,GE.EST,..
Cook Islands,COK,Political Stability and Absence of Violence/Terrorism: Estimate,PV.EST,..
Cook Islands,COK,Regulatory Quality: Estimate,RQ.EST,..
Cook Islands,COK,Rule of Law: Estimate,RL.EST,..
Cook Islands,COK,Voice and Accountability: Estimate,VA.EST,..
Costa Rica,CRI,Control of Corruption: Estimate,CC.EST,0.7487375
Costa Rica,CRI,Government Effectiveness: Estimate,GE.EST,0.3753253
Costa Rica,CRI,Political Stability and Absence of Violence/Terrorism: Estimate,PV.EST,0.6820255
Costa Rica,CRI,Regulatory Quality: Estimate,RQ.EST,0.5257646
Costa Rica,CRI,Rule of Law: Estimate,RL.EST,0.5046431
Costa Rica,CRI,Voice and Accountability: Estimate,VA.EST,1.151579
Cote d'Ivoire,CIV,Control of Corruption: Estimate,CC.EST,-0.4349207
Cote d'Ivoire,CIV,Government Effectiveness: Estimate,GE.EST,-0.6857619
Cote d'Ivoire,CIV,Political Stability and Absence of Violence/Terrorism: Estimate,PV.EST,-0.8325459
Cote d'Ivoire,CIV,Regulatory Quality: Estimate,RQ.EST,-0.504151
Cote d'Ivoire,CIV,Rule of Law: Estimate,RL.EST,-0.6297867
Cote d'Ivoire,CIV,Voice and Accountability: Estimate,VA.EST,-0.4073412
Croatia,HRV,Control of Corruption: Estimate,CC.EST,0.2496057
Croatia,HRV,Government Effectiveness: Estimate,GE.EST,0.5309173
Croatia,HRV,Political Stability and Absence of Violence/Terrorism: Estimate,PV.EST,0.590728
Croatia,HRV,Regulatory Quality: Estimate,RQ.EST,0.3640225
Croatia,HRV,Rule of Law: Estimate,RL.EST,0.18684
Croatia,HRV,Voice and Accountability: Estimate,VA.EST,0.5555071
Cuba,CUB,Control of Corruption: Estimate,CC.EST,0.0706221
Cuba,CUB,Government Effectiveness: Estimate,GE.EST,0.0214942
Cuba,CUB,Political Stability and Absence of Violence/Terrorism: Estimate,PV.EST,0.6441017
Cuba,CUB,Regulatory Quality: Estimate,RQ.EST,-1.22355
Cuba,CUB,Rule of Law: Estimate,RL.EST,-0.7015275
Cuba,CUB,Voice and Accountability: Estimate,VA.EST,-1.558119
Cyprus,CYP,Control of Corruption: Estimate,CC.EST,1.00782
Cyprus,CYP,Government Effectiveness: Estimate,GE.EST,1.048301
Cyprus,CYP,Political Stability and Absence of Violence/Terrorism: Estimate,PV.EST,0.5508665
Cyprus,CYP,Regulatory Quality: Estimate,RQ.EST,1.062325
Cyprus,CYP,Rule of Law: Estimate,RL.EST,1.039793
Cyprus,CYP,Voice and Accountability: Estimate,VA.EST,1.031584
Czech Republic,CZE,Control of Corruption: Estimate,CC.EST,0.5028812
Czech Republic,CZE,Government Effectiveness: Estimate,GE.EST,1.059821
Czech Republic,CZE,Political Stability and Absence of Violence/Terrorism: Estimate,PV.EST,0.9791891
Czech Republic,CZE,Regulatory Quality: Estimate,RQ.EST,1.098858
Czech Republic,CZE,Rule of Law: Estimate,RL.EST,1.137294
Czech Republic,CZE,Voice and Accountability: Estimate,VA.EST,1.042761
Denmark,DNK,Control of Corruption: Estimate,CC.EST,2.229176
Denmark,DNK,Government Effectiveness: Estimate,GE.EST,1.825429
Denmark,DNK,Political Stability and Absence of Violence/Terrorism: Estimate,PV.EST,0.8976498
Denmark,DNK,Regulatory Quality: Estimate,RQ.EST,1.734574
Denmark,DNK,Rule of Law: Estimate,RL.EST,2.05181
Denmark,DNK,Voice and Accountability: Estimate,VA.EST,1.552826
Djibouti,DJI,Control of Corruption: Estimate,CC.EST,-0.6576738
Djibouti,DJI,Government Effectiveness: Estimate,GE.EST,-0.9545508
Djibouti,DJI,Political Stability and Absence of Violence/Terrorism: Estimate,PV.EST,-0.4435316
Djibouti,DJI,Regulatory Quality: Estimate,RQ.EST,-0.6991644
Djibouti,DJI,Rule of Law: Estimate,RL.EST,-0.9222419
Djibouti,DJI,Voice and Accountability: Estimate,VA.EST,-1.412141
Dominica,DMA,Control of Corruption: Estimate,CC.EST,0.6237019
Dominica,DMA,Government Effectiveness: Estimate,GE.EST,0.1170366
Dominica,DMA,Political Stability and Absence of Violence/Terrorism: Estimate,PV.EST,1.077941
Dominica,DMA,Regulatory Quality: Estimate,RQ.EST,0.2325697
Dominica,DMA,Rule of Law: Estimate,RL.EST,0.6733587
Dominica,DMA,Voice and Accountability: Estimate,VA.EST,0.8788872
Dominican Republic,DOM,Control of Corruption: Estimate,CC.EST,-0.8185347
Dominican Republic,DOM,Government Effectiveness: Estimate,GE.EST,-0.3575655
Dominican Republic,DOM,Political Stability and Absence of Violence/Terrorism: Estimate,PV.EST,0.2367064
Dominican Republic,DOM,Regulatory Quality: Estimate,RQ.EST,-0.037778
Dominican Republic,DOM,Rule of Law: Estimate,RL.EST,-0.5127614
Dominican Republic,DOM,Voice and Accountability: Estimate,VA.EST,0.1542684
Ecuador,ECU,Control of Corruption: Estimate,CC.EST,-0.6713044
Ecuador,ECU,Government Effectiveness: Estimate,GE.EST,-0.4425788
Ecuador,ECU,Political Stability and Absence of Violence/Terrorism: Estimate,PV.EST,-0.1439559
Ecuador,ECU,Regulatory Quality: Estimate,RQ.EST,-1.157369
Ecuador,ECU,Rule of Law: Estimate,RL.EST,-1.028962
Ecuador,ECU,Voice and Accountability: Estimate,VA.EST,-0.2117548
"Egypt, Arab Rep.",EGY,Control of Corruption: Estimate,CC.EST,-0.6381047
"Egypt, Arab Rep.",EGY,Government Effectiveness: Estimate,GE.EST,-0.7697183
"Egypt, Arab Rep.",EGY,Political Stability and Absence of Violence/Terrorism: Estimate,PV.EST,-1.496646
"Egypt, Arab Rep.",EGY,Regulatory Quality: Estimate,RQ.EST,-0.8355927
"Egypt, Arab Rep.",EGY,Rule of Law: Estimate,RL.EST,-0.6013535
"Egypt, Arab Rep.",EGY,Voice and Accountability: Estimate,VA.EST,-1.190417
El Salvador,SLV,Control of Corruption: Estimate,CC.EST,-0.4236638
El Salvador,SLV,Government Effectiveness: Estimate,GE.EST,-0.2358463
El Salvador,SLV,Political Stability and Absence of Violence/Terrorism: Estimate,PV.EST,-0.0169974
El Salvador,SLV,Regulatory Quality: Estimate,RQ.EST,0.1963225
El Salvador,SLV,Rule of Law: Estimate,RL.EST,-0.5851365
El Salvador,SLV,Voice and Accountability: Estimate,VA.EST,0.1523897
Equatorial Guinea,GNQ,Control of Corruption: Estimate,CC.EST,-1.76622
Equatorial Guinea,GNQ,Government Effectiveness: Estimate,GE.EST,-1.418055
Equatorial Guinea,GNQ,Political Stability and Absence of Violence/Terrorism: Estimate,PV.EST,-0.2053524
Equatorial Guinea,GNQ,Regulatory Quality: Estimate,RQ.EST,-1.347726
Equatorial Guinea,GNQ,Rule of Law: Estimate,RL.EST,-1.45634
Equatorial Guinea,GNQ,Voice and Accountability: Estimate,VA.EST,-2.000246
Eritrea,ERI,Control of Corruption: Estimate,CC.EST,-1.301354
Eritrea,ERI,Government Effectiveness: Estimate,GE.EST,-1.593456
Eritrea,ERI,Political Stability and Absence of Violence/Terrorism: Estimate,PV.EST,-0.8767513
Eritrea,ERI,Regulatory Quality: Estimate,RQ.EST,-2.108709
Eritrea,ERI,Rule of Law: Estimate,RL.EST,-1.487547
Eritrea,ERI,Voice and Accountability: Estimate,VA.EST,-2.106809
Estonia,EST,Control of Corruption: Estimate,CC.EST,1.294097
Estonia,EST,Government Effectiveness: Estimate,GE.EST,1.067658
Estonia,EST,Political Stability and Absence of Violence/Terrorism: Estimate,PV.EST,0.6209198
Estonia,EST,Regulatory Quality: Estimate,RQ.EST,1.669039
Estonia,EST,Rule of Law: Estimate,RL.EST,1.331785
Estonia,EST,Voice and Accountability: Estimate,VA.EST,1.186864
Eswatini,SWZ,Control of Corruption: Estimate,CC.EST,-0.3908809
Eswatini,SWZ,Government Effectiveness: Estimate,GE.EST,-0.562602
Eswatini,SWZ,Political Stability and Absence of Violence/Terrorism: Estimate,PV.EST,-0.476151
Eswatini,SWZ,Regulatory Quality: Estimate,RQ.EST,-0.5110121
Eswatini,SWZ,Rule of Law: Estimate,RL.EST,-0.3245142
Eswatini,SWZ,Voice and Accountability: Estimate,VA.EST,-1.391943
Ethiopia,ETH,Control of Corruption: Estimate,CC.EST,-0.4501711
Ethiopia,ETH,Government Effectiveness: Estimate,GE.EST,-0.6469481
Ethiopia,ETH,Political Stability and Absence of Violence/Terrorism: Estimate,PV.EST,-1.498187
Ethiopia,ETH,Regulatory Quality: Estimate,RQ.EST,-1.031196
Ethiopia,ETH,Rule of Law: Estimate,RL.EST,-0.5091007
Ethiopia,ETH,Voice and Accountability: Estimate,VA.EST,-1.298413
Fiji,FJI,Control of Corruption: Estimate,CC.EST,0.170082
Fiji,FJI,Government Effectiveness: Estimate,GE.EST,-0.2915429
Fiji,FJI,Political Stability and Absence of Violence/Terrorism: Estimate,PV.EST,0.5803087
Fiji,FJI,Regulatory Quality: Estimate,RQ.EST,-0.3621247
Fiji,FJI,Rule of Law: Estimate,RL.EST,-0.4041793
Fiji,FJI,Voice and Accountability: Estimate,VA.EST,0.0277804
Finland,FIN,Control of Corruption: Estimate,CC.EST,2.258836
Finland,FIN,Government Effectiveness: Estimate,GE.EST,1.874042
Finland,FIN,Political Stability and Absence of Violence/Terrorism: Estimate,PV.EST,1.040587
Finland,FIN,Regulatory Quality: Estimate,RQ.EST,1.836381
Finland,FIN,Rule of Law: Estimate,RL.EST,2.089484
Finland,FIN,Voice and Accountability: Estimate,VA.EST,1.543586
France,FRA,Control of Corruption: Estimate,CC.EST,1.286498
France,FRA,Government Effectiveness: Estimate,GE.EST,1.448122
France,FRA,Political Stability and Absence of Violence/Terrorism: Estimate,PV.EST,0.1067064
France,FRA,Regulatory Quality: Estimate,RQ.EST,1.129694
France,FRA,Rule of Law: Estimate,RL.EST,1.398506
France,FRA,Voice and Accountability: Estimate,VA.EST,1.206641
French Guiana,GUF,Control of Corruption: Estimate,CC.EST,1.019501
French Guiana,GUF,Government Effectiveness: Estimate,GE.EST,1.122294
French Guiana,GUF,Political Stability and Absence of Violence/Terrorism: Estimate,PV.EST,0.5689548
French Guiana,GUF,Regulatory Quality: Estimate,RQ.EST,1.449475
French Guiana,GUF,Rule of Law: Estimate,RL.EST,1.295621
French Guiana,GUF,Voice and Accountability: Estimate,VA.EST,1.273942
Gabon,GAB,Control of Corruption: Estimate,CC.EST,-0.7142265
Gabon,GAB,Government Effectiveness: Estimate,GE.EST,-0.7338382
Gabon,GAB,Political Stability and Absence of Violence/Terrorism: Estimate,PV.EST,0.021187
Gabon,GAB,Regulatory Quality: Estimate,RQ.EST,-0.797162
Gabon,GAB,Rule of Law: Estimate,RL.EST,-0.5500096
Gabon,GAB,Voice and Accountability: Estimate,VA.EST,-0.8941512
"Gambia, The",GMB,Control of Corruption: Estimate,CC.EST,-0.7703012
"Gambia, The",GMB,Government Effectiveness: Estimate,GE.EST,-0.9037109
"Gambia, The",GMB,Political Stability and Absence of Violence/Terrorism: Estimate,PV.EST,0.0195886
"Gambia, The",GMB,Regulatory Quality: Estimate,RQ.EST,-0.5086934
"Gambia, The",GMB,Rule of Law: Estimate,RL.EST,-0.7213935
"Gambia, The",GMB,Voice and Accountability: Estimate,VA.EST,-1.460066
Georgia,GEO,Control of Corruption: Estimate,CC.EST,0.6799068
Georgia,GEO,Government Effectiveness: Estimate,GE.EST,0.4042414
Georgia,GEO,Political Stability and Absence of Violence/Terrorism: Estimate,PV.EST,-0.4660819
Georgia,GEO,Regulatory Quality: Estimate,RQ.EST,0.9224599
Georgia,GEO,Rule of Law: Estimate,RL.EST,0.2714227
Georgia,GEO,Voice and Accountability: Estimate,VA.EST,0.2745879
Germany,DEU,Control of Corruption: Estimate,CC.EST,1.817157
Germany,DEU,Government Effectiveness: Estimate,GE.EST,1.686973
Germany,DEU,Political Stability and Absence of Violence/Terrorism: Estimate,PV.EST,0.6998243
Germany,DEU,Regulatory Quality: Estimate,RQ.EST,1.723078
Germany,DEU,Rule of Law: Estimate,RL.EST,1.794228
Germany,DEU,Voice and Accountability: Estimate,VA.EST,1.421997
Ghana,GHA,Control of Corruption: Estimate,CC.EST,-0.1887468
Ghana,GHA,Government Effectiveness: Estimate,GE.EST,-0.2224221
Ghana,GHA,Political Stability and Absence of Violence/Terrorism: Estimate,PV.EST,-0.0320993
Ghana,GHA,Regulatory Quality: Estimate,RQ.EST,-0.0312539
Ghana,GHA,Rule of Law: Estimate,RL.EST,0.142304
Ghana,GHA,Voice and Accountability: Estimate,VA.EST,0.4899297
Greece,GRC,Control of Corruption: Estimate,CC.EST,-0.0873486
Greece,GRC,Government Effectiveness: Estimate,GE.EST,0.1770223
Greece,GRC,Political Stability and Absence of Violence/Terrorism: Estimate,PV.EST,-0.2302524
Greece,GRC,Regulatory Quality: Estimate,RQ.EST,0.409623
Greece,GRC,Rule of Law: Estimate,RL.EST,0.2769418
Greece,GRC,Voice and Accountability: Estimate,VA.EST,0.6515436
Greenland,GRL,Control of Corruption: Estimate,CC.EST,1.190973
Greenland,GRL,Government Effectiveness: Estimate,GE.EST,0.8674797
Greenland,GRL,Political Stability and Absence of Violence/Terrorism: Estimate,PV.EST,1.943138
Greenland,GRL,Regulatory Quality: Estimate,RQ.EST,1.353184
Greenland,GRL,Rule of Law: Estimate,RL.EST,1.701141
Greenland,GRL,Voice and Accountability: Estimate,VA.EST,1.273942
Grenada,GRD,Control of Corruption: Estimate,CC.EST,0.5562745
Grenada,GRD,Government Effectiveness: Estimate,GE.EST,-0.196528
Grenada,GRD,Political Stability and Absence of Violence/Terrorism: Estimate,PV.EST,0.7907085
Grenada,GRD,Regulatory Quality: Estimate,RQ.EST,0.0900918
Grenada,GRD,Rule of Law: Estimate,RL.EST,0.1445753
Grenada,GRD,Voice and Accountability: Estimate,VA.EST,0.8060584
Guam,GUM,Control of Corruption: Estimate,CC.EST,1.218931
Guam,GUM,Government Effectiveness: Estimate,GE.EST,0.4871241
Guam,GUM,Political Stability and Absence of Violence/Terrorism: Estimate,PV.EST,0.8079031
Guam,GUM,Regulatory Quality: Estimate,RQ.EST,0.1724523
Guam,GUM,Rule of Law: Estimate,RL.EST,1.345114
Guam,GUM,Voice and Accountability: Estimate,VA.EST,..
Guatemala,GTM,Control of Corruption: Estimate,CC.EST,-0.7332659
Guatemala,GTM,Government Effectiveness: Estimate,GE.EST,-0.7112794
Guatemala,GTM,Political Stability and Absence of Violence/Terrorism: Estimate,PV.EST,-0.6550602
Guatemala,GTM,Regulatory Quality: Estimate,RQ.EST,-0.2162642
Guatemala,GTM,Rule of Law: Estimate,RL.EST,-0.9473416
Guatemala,GTM,Voice and Accountability: Estimate,VA.EST,-0.3464035
Guinea,GIN,Control of Corruption: Estimate,CC.EST,-0.9897841
Guinea,GIN,Government Effectiveness: Estimate,GE.EST,-1.145806
Guinea,GIN,Political Stability and Absence of Violence/Terrorism: Estimate,PV.EST,-0.3869883
Guinea,GIN,Regulatory Quality: Estimate,RQ.EST,-0.8706912
Guinea,GIN,Rule of Law: Estimate,RL.EST,-1.160825
Guinea,GIN,Voice and Accountability: Estimate,VA.EST,-0.8574654
Guinea-Bissau,GNB,Control of Corruption: Estimate,CC.EST,-1.48285
Guinea-Bissau,GNB,Government Effectiveness: Estimate,GE.EST,-1.613285
Guinea-Bissau,GNB,Political Stability and Absence of Violence/Terrorism: Estimate,PV.EST,-0.5182164
Guinea-Bissau,GNB,Regulatory Quality: Estimate,RQ.EST,-1.203109
Guinea-Bissau,GNB,Rule of Law: Estimate,RL.EST,-1.283593
Guinea-Bissau,GNB,Voice and Accountability: Estimate,VA.EST,-0.7496215
Guyana,GUY,Control of Corruption: Estimate,CC.EST,-0.6353654
Guyana,GUY,Government Effectiveness: Estimate,GE.EST,-0.3357391
Guyana,GUY,Political Stability and Absence of Violence/Terrorism: Estimate,PV.EST,-0.1396508
Guyana,GUY,Regulatory Quality: Estimate,RQ.EST,-0.5150861
Guyana,GUY,Rule of Law: Estimate,RL.EST,-0.5275406
Guyana,GUY,Voice and Accountability: Estimate,VA.EST,0.1840779
Haiti,HTI,Control of Corruption: Estimate,CC.EST,-1.237718
Haiti,HTI,Government Effectiveness: Estimate,GE.EST,-2.016466
Haiti,HTI,Political Stability and Absence of Violence/Terrorism: Estimate,PV.EST,-0.6708382
Haiti,HTI,Regulatory Quality: Estimate,RQ.EST,-1.170394
Haiti,HTI,Rule of Law: Estimate,RL.EST,-1.180691
Haiti,HTI,Voice and Accountability: Estimate,VA.EST,-0.7986994
Honduras,HND,Control of Corruption: Estimate,CC.EST,-0.566732
Honduras,HND,Government Effectiveness: Estimate,GE.EST,-0.8218005
Honduras,HND,Political Stability and Absence of Violence/Terrorism: Estimate,PV.EST,-0.4689144
Honduras,HND,Regulatory Quality: Estimate,RQ.EST,-0.3959342
Honduras,HND,Rule of Law: Estimate,RL.EST,-0.9256861
Honduras,HND,Voice and Accountability: Estimate,VA.EST,-0.4217526
"Hong Kong SAR, China",HKG,Control of Corruption: Estimate,CC.EST,1.651854
"Hong Kong SAR, China",HKG,Government Effectiveness: Estimate,GE.EST,1.908817
"Hong Kong SAR, China",HKG,Political Stability and Absence of Violence/Terrorism: Estimate,PV.EST,1.046295
"Hong Kong SAR, China",HKG,Regulatory Quality: Estimate,RQ.EST,2.189884
"Hong Kong SAR, China",HKG,Rule of Law: Estimate,RL.EST,1.825471
"Hong Kong SAR, China",HKG,Voice and Accountability: Estimate,VA.EST,0.5148095
Hungary,HUN,Control of Corruption: Estimate,CC.EST,0.151766
Hungary,HUN,Government Effectiveness: Estimate,GE.EST,0.5489411
Hungary,HUN,Political Stability and Absence of Violence/Terrorism: Estimate,PV.EST,0.7462977
Hungary,HUN,Regulatory Quality: Estimate,RQ.EST,0.7662329
Hungary,HUN,Rule of Law: Estimate,RL.EST,0.4073128
Hungary,HUN,Voice and Accountability: Estimate,VA.EST,0.5599742
Iceland,ISL,Control of Corruption: Estimate,CC.EST,1.939723
Iceland,ISL,Government Effectiveness: Estimate,GE.EST,1.49174
Iceland,ISL,Political Stability and Absence of Violence/Terrorism: Estimate,PV.EST,1.308164
Iceland,ISL,Regulatory Quality: Estimate,RQ.EST,1.273735
Iceland,ISL,Rule of Law: Estimate,RL.EST,1.667195
Iceland,ISL,Voice and Accountability: Estimate,VA.EST,1.376502
India,IND,Control of Corruption: Estimate,CC.EST,-0.3519882
India,IND,Government Effectiveness: Estimate,GE.EST,0.0900683
India,IND,Political Stability and Absence of Violence/Terrorism: Estimate,PV.EST,-0.9484934
India,IND,Regulatory Quality: Estimate,RQ.EST,-0.3914646
India,IND,Rule of Law: Estimate,RL.EST,-0.0474092
India,IND,Voice and Accountability: Estimate,VA.EST,0.4278702
Indonesia,IDN,Control of Corruption: Estimate,CC.EST,-0.4583642
Indonesia,IDN,Government Effectiveness: Estimate,GE.EST,-0.2408801
Indonesia,IDN,Political Stability and Absence of Violence/Terrorism: Estimate,PV.EST,-0.6150607
Indonesia,IDN,Regulatory Quality: Estimate,RQ.EST,-0.2175578
Indonesia,IDN,Rule of Law: Estimate,RL.EST,-0.4221742
Indonesia,IDN,Voice and Accountability: Estimate,VA.EST,0.184858
"Iran, Islamic Rep.",IRN,Control of Corruption: Estimate,CC.EST,-0.6046183
"Iran, Islamic Rep.",IRN,Government Effectiveness: Estimate,GE.EST,-0.209176
"Iran, Islamic Rep.",IRN,Political Stability and Absence of Violence/Terrorism: Estimate,PV.EST,-0.9257017
"Iran, Islamic Rep.",IRN,Regulatory Quality: Estimate,RQ.EST,-1.311571
"Iran, Islamic Rep.",IRN,Rule of Law: Estimate,RL.EST,-0.9235455
"Iran, Islamic Rep.",IRN,Voice and Accountability: Estimate,VA.EST,-1.513593
Iraq,IRQ,Control of Corruption: Estimate,CC.EST,-1.369108
Iraq,IRQ,Government Effectiveness: Estimate,GE.EST,-1.246645
Iraq,IRQ,Political Stability and Absence of Violence/Terrorism: Estimate,PV.EST,-2.260352
Iraq,IRQ,Regulatory Quality: Estimate,RQ.EST,-1.23746
Iraq,IRQ,Rule of Law: Estimate,RL.EST,-1.417818
Iraq,IRQ,Voice and Accountability: Estimate,VA.EST,-1.127942
Ireland,IRL,Control of Corruption: Estimate,CC.EST,1.713814
Ireland,IRL,Government Effectiveness: Estimate,GE.EST,1.551582
Ireland,IRL,Political Stability and Absence of Violence/Terrorism: Estimate,PV.EST,0.9084555
Ireland,IRL,Regulatory Quality: Estimate,RQ.EST,1.818874
Ireland,IRL,Rule of Law: Estimate,RL.EST,1.762358
Ireland,IRL,Voice and Accountability: Estimate,VA.EST,1.334674
Israel,ISR,Control of Corruption: Estimate,CC.EST,0.9433662
Israel,ISR,Government Effectiveness: Estimate,GE.EST,1.387448
Israel,ISR,Political Stability and Absence of Violence/Terrorism: Estimate,PV.EST,-1.094913
Israel,ISR,Regulatory Quality: Estimate,RQ.EST,1.272598
Israel,ISR,Rule of Law: Estimate,RL.EST,1.162157
Israel,ISR,Voice and Accountability: Estimate,VA.EST,0.7449203
Italy,ITA,Control of Corruption: Estimate,CC.EST,0.059748
Italy,ITA,Government Effectiveness: Estimate,GE.EST,0.5217037
Italy,ITA,Political Stability and Absence of Violence/Terrorism: Estimate,PV.EST,0.3759197
Italy,ITA,Regulatory Quality: Estimate,RQ.EST,0.7288107
Italy,ITA,Rule of Law: Estimate,RL.EST,0.3142381
Italy,ITA,Voice and Accountability: Estimate,VA.EST,1.034772
Jamaica,JAM,Control of Corruption: Estimate,CC.EST,-0.2315444
Jamaica,JAM,Government Effectiveness: Estimate,GE.EST,0.2483407
Jamaica,JAM,Political Stability and Absence of Violence/Terrorism: Estimate,PV.EST,0.0964845
Jamaica,JAM,Regulatory Quality: Estimate,RQ.EST,0.1059551
Jamaica,JAM,Rule of Law: Estimate,RL.EST,-0.2274036
Jamaica,JAM,Voice and Accountability: Estimate,VA.EST,0.6087705
Japan,JPN,Control of Corruption: Estimate,CC.EST,1.5697
Japan,JPN,Government Effectiveness: Estimate,GE.EST,1.784168
Japan,JPN,Political Stability and Absence of Violence/Terrorism: Estimate,PV.EST,1.065128
Japan,JPN,Regulatory Quality: Estimate,RQ.EST,1.217743
Japan,JPN,Rule of Law: Estimate,RL.EST,1.518585
Japan,JPN,Voice and Accountability: Estimate,VA.EST,0.9880549
"Jersey, Channel Islands",JEY,Control of Corruption: Estimate,CC.EST,1.190973
"Jersey, Channel Islands",JEY,Government Effectiveness: Estimate,GE.EST,1.299279
"Jersey, Channel Islands",JEY,Political Stability and Absence of Violence/Terrorism: Estimate,PV.EST,1.52962
"Jersey, Channel Islands",JEY,Regulatory Quality: Estimate,RQ.EST,1.142126
"Jersey, Channel Islands",JEY,Rule of Law: Estimate,RL.EST,1.701141
"Jersey, Channel Islands",JEY,Voice and Accountability: Estimate,VA.EST,1.273942
Jordan,JOR,Control of Corruption: Estimate,CC.EST,0.2602587
Jordan,JOR,Government Effectiveness: Estimate,GE.EST,0.1222115
Jordan,JOR,Political Stability and Absence of Violence/Terrorism: Estimate,PV.EST,-0.6057786
Jordan,JOR,Regulatory Quality: Estimate,RQ.EST,0.0833356
Jordan,JOR,Rule of Law: Estimate,RL.EST,0.4393261
Jordan,JOR,Voice and Accountability: Estimate,VA.EST,-0.769385
Kazakhstan,KAZ,Control of Corruption: Estimate,CC.EST,-0.8527389
Kazakhstan,KAZ,Government Effectiveness: Estimate,GE.EST,-0.0735818
Kazakhstan,KAZ,Political Stability and Absence of Violence/Terrorism: Estimate,PV.EST,-0.0350003
Kazakhstan,KAZ,Regulatory Quality: Estimate,RQ.EST,-0.0329584
Kazakhstan,KAZ,Rule of Law: Estimate,RL.EST,-0.4394074
Kazakhstan,KAZ,Voice and Accountability: Estimate,VA.EST,-1.163788
Kenya,KEN,Control of Corruption: Estimate,CC.EST,-1.013617
Kenya,KEN,Government Effectiveness: Estimate,GE.EST,-0.3015067
Kenya,KEN,Political Stability and Absence of Violence/Terrorism: Estimate,PV.EST,-1.244406
Kenya,KEN,Regulatory Quality: Estimate,RQ.EST,-0.3124211
Kenya,KEN,Rule of Law: Estimate,RL.EST,-0.4882332
Kenya,KEN,Voice and Accountability: Estimate,VA.EST,-0.1460002
Kiribati,KIR,Control of Corruption: Estimate,CC.EST,0.2202898
Kiribati,KIR,Government Effectiveness: Estimate,GE.EST,-0.4900719
Kiribati,KIR,Political Stability and Absence of Violence/Terrorism: Estimate,PV.EST,0.8435606
Kiribati,KIR,Regulatory Quality: Estimate,RQ.EST,-0.8764771
Kiribati,KIR,Rule of Law: Estimate,RL.EST,-0.155342
Kiribati,KIR,Voice and Accountability: Estimate,VA.EST,0.9789279
"Korea, Dem. People's Rep.",PRK,Control of Corruption: Estimate,CC.EST,-1.248146
"Korea, Dem. People's Rep.",PRK,Government Effectiveness: Estimate,GE.EST,-1.63281
"Korea, Dem. People's Rep.",PRK,Political Stability and Absence of Violence/Terrorism: Estimate,PV.EST,-1.153405
"Korea, Dem. People's Rep.",PRK,Regulatory Quality: Estimate,RQ.EST,-2.325878
"Korea, Dem. People's Rep.",PRK,Rule of Law: Estimate,RL.EST,-1.645161
"Korea, Dem. People's Rep.",PRK,Voice and Accountability: Estimate,VA.EST,-2.20196
"Korea, Rep.",KOR,Control of Corruption: Estimate,CC.EST,0.3738367
"Korea, Rep.",KOR,Government Effectiveness: Estimate,GE.EST,1.012077
"Korea, Rep.",KOR,Political Stability and Absence of Violence/Terrorism: Estimate,PV.EST,0.1610141
"Korea, Rep.",KOR,Regulatory Quality: Estimate,RQ.EST,1.113389
"Korea, Rep.",KOR,Rule of Law: Estimate,RL.EST,0.9322705
"Korea, Rep.",KOR,Voice and Accountability: Estimate,VA.EST,0.6310143
Kosovo,XKX,Control of Corruption: Estimate,CC.EST,-0.5355656
Kosovo,XKX,Government Effectiveness: Estimate,GE.EST,-0.4099418
Kosovo,XKX,Political Stability and Absence of Violence/Terrorism: Estimate,PV.EST,-0.199357
Kosovo,XKX,Regulatory Quality: Estimate,RQ.EST,-0.2967811
Kosovo,XKX,Rule of Law: Estimate,RL.EST,-0.4647707
Kosovo,XKX,Voice and Accountability: Estimate,VA.EST,-0.1508318
Kuwait,KWT,Control of Corruption: Estimate,CC.EST,-0.2250343
Kuwait,KWT,Government Effectiveness: Estimate,GE.EST,-0.0334881
Kuwait,KWT,Political Stability and Absence of Violence/Terrorism: Estimate,PV.EST,-0.2134203
Kuwait,KWT,Regulatory Quality: Estimate,RQ.EST,-0.173127
Kuwait,KWT,Rule of Law: Estimate,RL.EST,0.0009841
Kuwait,KWT,Voice and Accountability: Estimate,VA.EST,-0.6636639
Kyrgyz Republic,KGZ,Control of Corruption: Estimate,CC.EST,-1.149887
Kyrgyz Republic,KGZ,Government Effectiveness: Estimate,GE.EST,-0.9147314
Kyrgyz Republic,KGZ,Political Stability and Absence of Violence/Terrorism: Estimate,PV.EST,-0.8824379
Kyrgyz Republic,KGZ,Regulatory Quality: Estimate,RQ.EST,-0.5026596
Kyrgyz Republic,KGZ,Rule of Law: Estimate,RL.EST,-0.9893041
Kyrgyz Republic,KGZ,Voice and Accountability: Estimate,VA.EST,-0.404161
Lao PDR,LAO,Control of Corruption: Estimate,CC.EST,-0.9117131
Lao PDR,LAO,Government Effectiveness: Estimate,GE.EST,-0.5108117
Lao PDR,LAO,Political Stability and Absence of Violence/Terrorism: Estimate,PV.EST,0.541362
Lao PDR,LAO,Regulatory Quality: Estimate,RQ.EST,-0.8064563
Lao PDR,LAO,Rule of Law: Estimate,RL.EST,-0.7987957
Lao PDR,LAO,Voice and Accountability: Estimate,VA.EST,-1.753515
Latvia,LVA,Control of Corruption: Estimate,CC.EST,0.4684148
Latvia,LVA,Government Effectiveness: Estimate,GE.EST,1.089124
Latvia,LVA,Political Stability and Absence of Violence/Terrorism: Estimate,PV.EST,0.4437472
Latvia,LVA,Regulatory Quality: Estimate,RQ.EST,1.0888
Latvia,LVA,Rule of Law: Estimate,RL.EST,0.7944799
Latvia,LVA,Voice and Accountability: Estimate,VA.EST,0.8465344
Lebanon,LBN,Control of Corruption: Estimate,CC.EST,-0.8838731
Lebanon,LBN,Government Effectiveness: Estimate,GE.EST,-0.4745394
Lebanon,LBN,Political Stability and Absence of Violence/Terrorism: Estimate,PV.EST,-1.702587
Lebanon,LBN,Regulatory Quality: Estimate,RQ.EST,-0.2948107
Lebanon,LBN,Rule of Law: Estimate,RL.EST,-0.8257188
Lebanon,LBN,Voice and Accountability: Estimate,VA.EST,-0.4625495
Lesotho,LSO,Control of Corruption: Estimate,CC.EST,0.0626723
Lesotho,LSO,Government Effectiveness: Estimate,GE.EST,-0.6727694
Lesotho,LSO,Political Stability and Absence of Violence/Terrorism: Estimate,PV.EST,-0.3084288
Lesotho,LSO,Regulatory Quality: Estimate,RQ.EST,-0.3962424
Lesotho,LSO,Rule of Law: Estimate,RL.EST,-0.1740476
Lesotho,LSO,Voice and Accountability: Estimate,VA.EST,0.1146948
Liberia,LBR,Control of Corruption: Estimate,CC.EST,-0.6454833
Liberia,LBR,Government Effectiveness: Estimate,GE.EST,-1.357274
Liberia,LBR,Political Stability and Absence of Violence/Terrorism: Estimate,PV.EST,-0.8180257
Liberia,LBR,Regulatory Quality: Estimate,RQ.EST,-0.8650306
Liberia,LBR,Rule of Law: Estimate,RL.EST,-0.8566647
Liberia,LBR,Voice and Accountability: Estimate,VA.EST,-0.2297582
Libya,LBY,Control of Corruption: Estimate,CC.EST,-1.617222
Libya,LBY,Government Effectiveness: Estimate,GE.EST,-1.653304
Libya,LBY,Political Stability and Absence of Violence/Terrorism: Estimate,PV.EST,-2.196628
Libya,LBY,Regulatory Quality: Estimate,RQ.EST,-2.232313
Libya,LBY,Rule of Law: Estimate,RL.EST,-1.629307
Libya,LBY,Voice and Accountability: Estimate,VA.EST,-1.341629
Liechtenstein,LIE,Control of Corruption: Estimate,CC.EST,2.065033
Liechtenstein,LIE,Government Effectiveness: Estimate,GE.EST,1.688701
Liechtenstein,LIE,Political Stability and Absence of Violence/Terrorism: Estimate,PV.EST,1.45784
Liechtenstein,LIE,Regulatory Quality: Estimate,RQ.EST,1.389856
Liechtenstein,LIE,Rule of Law: Estimate,RL.EST,1.685766
Liechtenstein,LIE,Voice and Accountability: Estimate,VA.EST,1.38767
Lithuania,LTU,Control of Corruption: Estimate,CC.EST,0.6179315
Lithuania,LTU,Government Effectiveness: Estimate,GE.EST,1.184609
Lithuania,LTU,Political Stability and Absence of Violence/Terrorism: Estimate,PV.EST,0.759794
Lithuania,LTU,Regulatory Quality: Estimate,RQ.EST,1.277035
Lithuania,LTU,Rule of Law: Estimate,RL.EST,1.007931
Lithuania,LTU,Voice and Accountability: Estimate,VA.EST,0.97391
Luxembourg,LUX,Control of Corruption: Estimate,CC.EST,2.09734
Luxembourg,LUX,Government Effectiveness: Estimate,GE.EST,1.723728
Luxembourg,LUX,Political Stability and Absence of Violence/Terrorism: Estimate,PV.EST,1.439398
Luxembourg,LUX,Regulatory Quality: Estimate,RQ.EST,1.658029
Luxembourg,LUX,Rule of Law: Estimate,RL.EST,1.874508
Luxembourg,LUX,Voice and Accountability: Estimate,VA.EST,1.54681
"Macao SAR, China",MAC,Control of Corruption: Estimate,CC.EST,0.6120387
"Macao SAR, China",MAC,Government Effectiveness: Estimate,GE.EST,1.449664
"Macao SAR, China",MAC,Political Stability and Absence of Violence/Terrorism: Estimate,PV.EST,1.202256
"Macao SAR, China",MAC,Regulatory Quality: Estimate,RQ.EST,1.77244
"Macao SAR, China",MAC,Rule of Law: Estimate,RL.EST,0.9235585
"Macao SAR, China",MAC,Voice and Accountability: Estimate,VA.EST,-0.0673605
Madagascar,MDG,Control of Corruption: Estimate,CC.EST,-0.851395
Madagascar,MDG,Government Effectiveness: Estimate,GE.EST,-1.285814
Madagascar,MDG,Political Stability and Absence of Violence/Terrorism: Estimate,PV.EST,-0.4273629
Madagascar,MDG,Regulatory Quality: Estimate,RQ.EST,-0.7651789
Madagascar,MDG,Rule of Law: Estimate,RL.EST,-0.6873299
Madagascar,MDG,Voice and Accountability: Estimate,VA.EST,-0.3806086
Malawi,MWI,Control of Corruption: Estimate,CC.EST,-0.7666516
Malawi,MWI,Government Effectiveness: Estimate,GE.EST,-0.6664509
Malawi,MWI,Political Stability and Absence of Violence/Terrorism: Estimate,PV.EST,0.0318961
Malawi,MWI,Regulatory Quality: Estimate,RQ.EST,-0.8180815
Malawi,MWI,Rule of Law: Estimate,RL.EST,-0.3069656
Malawi,MWI,Voice and Accountability: Estimate,VA.EST,-0.0040275
Malaysia,MYS,Control of Corruption: Estimate,CC.EST,0.2352521
Malaysia,MYS,Government Effectiveness: Estimate,GE.EST,0.948642
Malaysia,MYS,Political Stability and Absence of Violence/Terrorism: Estimate,PV.EST,0.2589576
Malaysia,MYS,Regulatory Quality: Estimate,RQ.EST,0.7526733
Malaysia,MYS,Rule of Law: Estimate,RL.EST,0.5018221
Malaysia,MYS,Voice and Accountability: Estimate,VA.EST,-0.3914768
Maldives,MDV,Control of Corruption: Estimate,CC.EST,-0.4793919
Maldives,MDV,Government Effectiveness: Estimate,GE.EST,-0.3761196
Maldives,MDV,Political Stability and Absence of Violence/Terrorism: Estimate,PV.EST,0.4206715
Maldives,MDV,Regulatory Quality: Estimate,RQ.EST,-0.4149505
Maldives,MDV,Rule of Law: Estimate,RL.EST,-0.5763371
Maldives,MDV,Voice and Accountability: Estimate,VA.EST,-0.5179127
Mali,MLI,Control of Corruption: Estimate,CC.EST,-0.6829015
Mali,MLI,Government Effectiveness: Estimate,GE.EST,-0.9312568
Mali,MLI,Political Stability and Absence of Violence/Terrorism: Estimate,PV.EST,-1.685664
Mali,MLI,Regulatory Quality: Estimate,RQ.EST,-0.577987
Mali,MLI,Rule of Law: Estimate,RL.EST,-0.7352581
Mali,MLI,Voice and Accountability: Estimate,VA.EST,-0.1979333
Malta,MLT,Control of Corruption: Estimate,CC.EST,0.9007232
Malta,MLT,Government Effectiveness: Estimate,GE.EST,0.8501189
Malta,MLT,Political Stability and Absence of Violence/Terrorism: Estimate,PV.EST,1.063939
Malta,MLT,Regulatory Quality: Estimate,RQ.EST,1.168855
Malta,MLT,Rule of Law: Estimate,RL.EST,1.135466
Malta,MLT,Voice and Accountability: Estimate,VA.EST,1.202808
Marshall Islands,MHL,Control of Corruption: Estimate,CC.EST,-0.1150457
Marshall Islands,MHL,Government Effectiveness: Estimate,GE.EST,-1.60135
Marshall Islands,MHL,Political Stability and Absence of Violence/Terrorism: Estimate,PV.EST,0.9194738
Marshall Islands,MHL,Regulatory Quality: Estimate,RQ.EST,-1.121721
Marshall Islands,MHL,Rule of Law: Estimate,RL.EST,-0.2127134
Marshall Islands,MHL,Voice and Accountability: Estimate,VA.EST,1.178826
Martinique,MTQ,Control of Corruption: Estimate,CC.EST,1.218931
Martinique,MTQ,Government Effectiveness: Estimate,GE.EST,0.7470697
Martinique,MTQ,Political Stability and Absence of Violence/Terrorism: Estimate,PV.EST,0.983049
Martinique,MTQ,Regulatory Quality: Estimate,RQ.EST,1.283185
Martinique,MTQ,Rule of Law: Estimate,RL.EST,-0.0393401
Martinique,MTQ,Voice and Accountability: Estimate,VA.EST,..
Mauritania,MRT,Control of Corruption: Estimate,CC.EST,-0.9234288
Mauritania,MRT,Government Effectiveness: Estimate,GE.EST,-1.027109
Mauritania,MRT,Political Stability and Absence of Violence/Terrorism: Estimate,PV.EST,-0.6378012
Mauritania,MRT,Regulatory Quality: Estimate,RQ.EST,-0.8694826
Mauritania,MRT,Rule of Law: Estimate,RL.EST,-0.8661402
Mauritania,MRT,Voice and Accountability: Estimate,VA.EST,-0.8878872
Mauritius,MUS,Control of Corruption: Estimate,CC.EST,0.294224
Mauritius,MUS,Government Effectiveness: Estimate,GE.EST,1.056674
Mauritius,MUS,Political Stability and Absence of Violence/Terrorism: Estimate,PV.EST,0.9986154
Mauritius,MUS,Regulatory Quality: Estimate,RQ.EST,1.091458
Mauritius,MUS,Rule of Law: Estimate,RL.EST,0.8552022
Mauritius,MUS,Voice and Accountability: Estimate,VA.EST,0.8271071
Mexico,MEX,Control of Corruption: Estimate,CC.EST,-0.7660108
Mexico,MEX,Government Effectiveness: Estimate,GE.EST,0.2092917
Mexico,MEX,Political Stability and Absence of Violence/Terrorism: Estimate,PV.EST,-0.7986991
Mexico,MEX,Regulatory Quality: Estimate,RQ.EST,0.3577256
Mexico,MEX,Rule of Law: Estimate,RL.EST,-0.4471673
Mexico,MEX,Voice and Accountability: Estimate,VA.EST,-0.075359
"Micronesia, Fed. Sts.",FSM,Control of Corruption: Estimate,CC.EST,0.6807384
"Micronesia, Fed. Sts.",FSM,Government Effectiveness: Estimate,GE.EST,-0.3972601
"Micronesia, Fed. Sts.",FSM,Political Stability and Absence of Violence/Terrorism: Estimate,PV.EST,1.035154
"Micronesia, Fed. Sts.",FSM,Regulatory Quality: Estimate,RQ.EST,-0.9827493
"Micronesia, Fed. Sts.",FSM,Rule of Law: Estimate,RL.EST,-0.295624
"Micronesia, Fed. Sts.",FSM,Voice and Accountability: Estimate,VA.EST,1.134735
Moldova,MDA,Control of Corruption: Estimate,CC.EST,-0.9113645
Moldova,MDA,Government Effectiveness: Estimate,GE.EST,-0.654941
Moldova,MDA,Political Stability and Absence of Violence/Terrorism: Estimate,PV.EST,-0.3274402
Moldova,MDA,Regulatory Quality: Estimate,RQ.EST,-0.0662931
Moldova,MDA,Rule of Law: Estimate,RL.EST,-0.3535252
Moldova,MDA,Voice and Accountability: Estimate,VA.EST,0.028593
Monaco,MCO,Control of Corruption: Estimate,CC.EST,..
Monaco,MCO,Government Effectiveness: Estimate,GE.EST,..
Monaco,MCO,Political Stability and Absence of Violence/Terrorism: Estimate,PV.EST,0.9918019
Monaco,MCO,Regulatory Quality: Estimate,RQ.EST,..
Monaco,MCO,Rule of Law: Estimate,RL.EST,..
Monaco,MCO,Voice and Accountability: Estimate,VA.EST,1.017158
Mongolia,MNG,Control of Corruption: Estimate,CC.EST,-0.4916313
Mongolia,MNG,Government Effectiveness: Estimate,GE.EST,-0.4190106
Mongolia,MNG,Political Stability and Absence of Violence/Terrorism: Estimate,PV.EST,0.7163844
Mongolia,MNG,Regulatory Quality: Estimate,RQ.EST,-0.3505109
Mongolia,MNG,Rule of Law: Estimate,RL.EST,-0.3798697
Mongolia,MNG,Voice and Accountability: Estimate,VA.EST,0.270258
Montenegro,MNE,Control of Corruption: Estimate,CC.EST,-0.1317247
Montenegro,MNE,Government Effectiveness: Estimate,GE.EST,0.1553422
Montenegro,MNE,Political Stability and Absence of Violence/Terrorism: Estimate,PV.EST,0.1407977
Montenegro,MNE,Regulatory Quality: Estimate,RQ.EST,0.2267932
Montenegro,MNE,Rule of Law: Estimate,RL.EST,0.0516826
Montenegro,MNE,Voice and Accountability: Estimate,VA.EST,0.1440246
Morocco,MAR,Control of Corruption: Estimate,CC.EST,-0.2202772
Morocco,MAR,Government Effectiveness: Estimate,GE.EST,-0.0623169
Morocco,MAR,Political Stability and Absence of Violence/Terrorism: Estimate,PV.EST,-0.3414874
Morocco,MAR,Regulatory Quality: Estimate,RQ.EST,-0.1707448
Morocco,MAR,Rule of Law: Estimate,RL.EST,-0.0890306
Morocco,MAR,Voice and Accountability: Estimate,VA.EST,-0.6283069
Mozambique,MOZ,Control of Corruption: Estimate,CC.EST,-0.7489297
Mozambique,MOZ,Government Effectiveness: Estimate,GE.EST,-0.7465386
Mozambique,MOZ,Political Stability and Absence of Violence/Terrorism: Estimate,PV.EST,-0.5138951
Mozambique,MOZ,Regulatory Quality: Estimate,RQ.EST,-0.5003937
Mozambique,MOZ,Rule of Law: Estimate,RL.EST,-0.8488603
Mozambique,MOZ,Voice and Accountability: Estimate,VA.EST,-0.2700363
Myanmar,MMR,Control of Corruption: Estimate,CC.EST,-0.8362782
Myanmar,MMR,Government Effectiveness: Estimate,GE.EST,-1.238808
Myanmar,MMR,Political Stability and Absence of Violence/Terrorism: Estimate,PV.EST,-1.165067
Myanmar,MMR,Regulatory Quality: Estimate,RQ.EST,-1.222467
Myanmar,MMR,Rule of Law: Estimate,RL.EST,-1.236593
Myanmar,MMR,Voice and Accountability: Estimate,VA.EST,-1.218982
Namibia,NAM,Control of Corruption: Estimate,CC.EST,0.3195393
Namibia,NAM,Government Effectiveness: Estimate,GE.EST,0.2479032
Namibia,NAM,Political Stability and Absence of Violence/Terrorism: Estimate,PV.EST,0.7331128
Namibia,NAM,Regulatory Quality: Estimate,RQ.EST,-0.0897799
Namibia,NAM,Rule of Law: Estimate,RL.EST,0.1902615
Namibia,NAM,Voice and Accountability: Estimate,VA.EST,0.5793691
Nauru,NRU,Control of Corruption: Estimate,CC.EST,-0.5247039
Nauru,NRU,Government Effectiveness: Estimate,GE.EST,-0.5365816
Nauru,NRU,Political Stability and Absence of Violence/Terrorism: Estimate,PV.EST,0.5437602
Nauru,NRU,Regulatory Quality: Estimate,RQ.EST,-1.223166
Nauru,NRU,Rule of Law: Estimate,RL.EST,-1.086243
Nauru,NRU,Voice and Accountability: Estimate,VA.EST,0.5468488
Nepal,NPL,Control of Corruption: Estimate,CC.EST,-0.5780753
Nepal,NPL,Government Effectiveness: Estimate,GE.EST,-1.053868
Nepal,NPL,Political Stability and Absence of Violence/Terrorism: Estimate,PV.EST,-0.9983346
Nepal,NPL,Regulatory Quality: Estimate,RQ.EST,-0.7995815
Nepal,NPL,Rule of Law: Estimate,RL.EST,-0.6769011
Nepal,NPL,Voice and Accountability: Estimate,VA.EST,-0.4154409
Netherlands,NLD,Control of Corruption: Estimate,CC.EST,1.875101
Netherlands,NLD,Government Effectiveness: Estimate,GE.EST,1.859105
Netherlands,NLD,Political Stability and Absence of Violence/Terrorism: Estimate,PV.EST,0.9261193
Netherlands,NLD,Regulatory Quality: Estimate,RQ.EST,1.799031
Netherlands,NLD,Rule of Law: Estimate,RL.EST,1.942948
Netherlands,NLD,Voice and Accountability: Estimate,VA.EST,1.561143
Netherlands Antilles,ANT,Control of Corruption: Estimate,CC.EST,..
Netherlands Antilles,ANT,Government Effectiveness: Estimate,GE.EST,..
Netherlands Antilles,ANT,Political Stability and Absence of Violence/Terrorism: Estimate,PV.EST,..
Netherlands Antilles,ANT,Regulatory Quality: Estimate,RQ.EST,..
Netherlands Antilles,ANT,Rule of Law: Estimate,RL.EST,..
Netherlands Antilles,ANT,Voice and Accountability: Estimate,VA.EST,..
New Zealand,NZL,Control of Corruption: Estimate,CC.EST,2.27633
New Zealand,NZL,Government Effectiveness: Estimate,GE.EST,1.884018
New Zealand,NZL,Political Stability and Absence of Violence/Terrorism: Estimate,PV.EST,1.525453
New Zealand,NZL,Regulatory Quality: Estimate,RQ.EST,1.920748
New Zealand,NZL,Rule of Law: Estimate,RL.EST,2.001249
New Zealand,NZL,Voice and Accountability: Estimate,VA.EST,1.554845
Nicaragua,NIC,Control of Corruption: Estimate,CC.EST,-0.8883937
Nicaragua,NIC,Government Effectiveness: Estimate,GE.EST,-0.8161373
Nicaragua,NIC,Political Stability and Absence of Violence/Terrorism: Estimate,PV.EST,-0.0866075
Nicaragua,NIC,Regulatory Quality: Estimate,RQ.EST,-0.3944113
Nicaragua,NIC,Rule of Law: Estimate,RL.EST,-0.7361761
Nicaragua,NIC,Voice and Accountability: Estimate,VA.EST,-0.4147553
Niger,NER,Control of Corruption: Estimate,CC.EST,-0.6542935
Niger,NER,Government Effectiveness: Estimate,GE.EST,-0.6548589
Niger,NER,Political Stability and Absence of Violence/Terrorism: Estimate,PV.EST,-1.066546
Niger,NER,Regulatory Quality: Estimate,RQ.EST,-0.7289673
Niger,NER,Rule of Law: Estimate,RL.EST,-0.5707861
Niger,NER,Voice and Accountability: Estimate,VA.EST,-0.2046032
Nigeria,NGA,Control of Corruption: Estimate,CC.EST,-1.079542
Nigeria,NGA,Government Effectiveness: Estimate,GE.EST,-0.9590327
Nigeria,NGA,Political Stability and Absence of Violence/Terrorism: Estimate,PV.EST,-1.925443
Nigeria,NGA,Regulatory Quality: Estimate,RQ.EST,-0.8505214
Nigeria,NGA,Rule of Law: Estimate,RL.EST,-0.9616836
Nigeria,NGA,Voice and Accountability: Estimate,VA.EST,-0.3732246
Niue,NIU,Control of Corruption: Estimate,CC.EST,..
Niue,NIU,Government Effectiveness: Estimate,GE.EST,..
Niue,NIU,Political Stability and Absence of Violence/Terrorism: Estimate,PV.EST,..
Niue,NIU,Regulatory Quality: Estimate,RQ.EST,..
Niue,NIU,Rule of Law: Estimate,RL.EST,..
Niue,NIU,Voice and Accountability: Estimate,VA.EST,..
North Macedonia,MKD,Control of Corruption: Estimate,CC.EST,-0.2560261
North Macedonia,MKD,Government Effectiveness: Estimate,GE.EST,0.1180935
North Macedonia,MKD,Political Stability and Absence of Violence/Terrorism: Estimate,PV.EST,-0.2870161
North Macedonia,MKD,Regulatory Quality: Estimate,RQ.EST,0.4317179
North Macedonia,MKD,Rule of Law: Estimate,RL.EST,-0.188895
North Macedonia,MKD,Voice and Accountability: Estimate,VA.EST,-0.1819014
Norway,NOR,Control of Corruption: Estimate,CC.EST,2.243494
Norway,NOR,Government Effectiveness: Estimate,GE.EST,1.864143
Norway,NOR,Political Stability and Absence of Violence/Terrorism: Estimate,PV.EST,1.161716
Norway,NOR,Regulatory Quality: Estimate,RQ.EST,1.606871
Norway,NOR,Rule of Law: Estimate,RL.EST,2.011003
Norway,NOR,Voice and Accountability: Estimate,VA.EST,1.687913
Oman,OMN,Control of Corruption: Estimate,CC.EST,0.2691023
Oman,OMN,Government Effectiveness: Estimate,GE.EST,0.0811522
Oman,OMN,Political Stability and Absence of Violence/Terrorism: Estimate,PV.EST,0.7833398
Oman,OMN,Regulatory Quality: Estimate,RQ.EST,0.5745103
Oman,OMN,Rule of Law: Estimate,RL.EST,0.3767877
Oman,OMN,Voice and Accountability: Estimate,VA.EST,-1.061453
Pakistan,PAK,Control of Corruption: Estimate,CC.EST,-0.8108425
Pakistan,PAK,Government Effectiveness: Estimate,GE.EST,-0.667757
Pakistan,PAK,Political Stability and Absence of Violence/Terrorism: Estimate,PV.EST,-2.482708
Pakistan,PAK,Regulatory Quality: Estimate,RQ.EST,-0.627013
Pakistan,PAK,Rule of Law: Estimate,RL.EST,-0.766732
Pakistan,PAK,Voice and Accountability: Estimate,VA.EST,-0.7220664
Palau,PLW,Control of Corruption: Estimate,CC.EST,-0.5247039
Palau,PLW,Government Effectiveness: Estimate,GE.EST,-0.5365816
Palau,PLW,Political Stability and Absence of Violence/Terrorism: Estimate,PV.EST,0.9194738
Palau,PLW,Regulatory Quality: Estimate,RQ.EST,-0.8063775
Palau,PLW,Rule of Law: Estimate,RL.EST,0.244574
Palau,PLW,Voice and Accountability: Estimate,VA.EST,1.200872
Panama,PAN,Control of Corruption: Estimate,CC.EST,-0.370707
Panama,PAN,Government Effectiveness: Estimate,GE.EST,0.2919122
Panama,PAN,Political Stability and Absence of Violence/Terrorism: Estimate,PV.EST,0.3860773
Panama,PAN,Regulatory Quality: Estimate,RQ.EST,0.3525367
Panama,PAN,Rule of Law: Estimate,RL.EST,-0.1064381
Panama,PAN,Voice and Accountability: Estimate,VA.EST,0.5585108
Papua New Guinea,PNG,Control of Corruption: Estimate,CC.EST,-0.9399223
Papua New Guinea,PNG,Government Effectiveness: Estimate,GE.EST,-0.6067827
Papua New Guinea,PNG,Political Stability and Absence of Violence/Terrorism: Estimate,PV.EST,-0.4221483
Papua New Guinea,PNG,Regulatory Quality: Estimate,RQ.EST,-0.5526034
Papua New Guinea,PNG,Rule of Law: Estimate,RL.EST,-0.8693526
Papua New Guinea,PNG,Voice and Accountability: Estimate,VA.EST,0.0447437
Paraguay,PRY,Control of Corruption: Estimate,CC.EST,-0.9471362
Paraguay,PRY,Government Effectiveness: Estimate,GE.EST,-0.9486123
Paraguay,PRY,Political Stability and Absence of Violence/Terrorism: Estimate,PV.EST,0.038498
Paraguay,PRY,Regulatory Quality: Estimate,RQ.EST,-0.270921
Paraguay,PRY,Rule of Law: Estimate,RL.EST,-0.6916426
Paraguay,PRY,Voice and Accountability: Estimate,VA.EST,-0.0699359
Peru,PER,Control of Corruption: Estimate,CC.EST,-0.5338569
Peru,PER,Government Effectiveness: Estimate,GE.EST,-0.2772451
Peru,PER,Political Stability and Absence of Violence/Terrorism: Estimate,PV.EST,-0.3975714
Peru,PER,Regulatory Quality: Estimate,RQ.EST,0.491347
Peru,PER,Rule of Law: Estimate,RL.EST,-0.4855335
Peru,PER,Voice and Accountability: Estimate,VA.EST,0.2273678
Philippines,PHL,Control of Corruption: Estimate,CC.EST,-0.4534664
Philippines,PHL,Government Effectiveness: Estimate,GE.EST,0.1119681
Philippines,PHL,Political Stability and Absence of Violence/Terrorism: Estimate,PV.EST,-0.8556625
Philippines,PHL,Regulatory Quality: Estimate,RQ.EST,-0.0430832
Philippines,PHL,Rule of Law: Estimate,RL.EST,-0.3429787
Philippines,PHL,Voice and Accountability: Estimate,VA.EST,0.1470693
Poland,POL,Control of Corruption: Estimate,CC.EST,0.7202488
Poland,POL,Government Effectiveness: Estimate,GE.EST,0.7274681
Poland,POL,Political Stability and Absence of Violence/Terrorism: Estimate,PV.EST,0.8748524
Poland,POL,Regulatory Quality: Estimate,RQ.EST,1.000138
Poland,POL,Rule of Law: Estimate,RL.EST,0.7830253
Poland,POL,Voice and Accountability: Estimate,VA.EST,1.039736
Portugal,PRT,Control of Corruption: Estimate,CC.EST,0.9291471
Portugal,PRT,Government Effectiveness: Estimate,GE.EST,1.188819
Portugal,PRT,Political Stability and Absence of Violence/Terrorism: Estimate,PV.EST,0.9178401
Portugal,PRT,Regulatory Quality: Estimate,RQ.EST,0.9568518
Portugal,PRT,Rule of Law: Estimate,RL.EST,1.131652
Portugal,PRT,Voice and Accountability: Estimate,VA.EST,1.128678
Puerto Rico,PRI,Control of Corruption: Estimate,CC.EST,0.08629
Puerto Rico,PRI,Government Effectiveness: Estimate,GE.EST,0.358371
Puerto Rico,PRI,Political Stability and Absence of Violence/Terrorism: Estimate,PV.EST,0.8551208
Puerto Rico,PRI,Regulatory Quality: Estimate,RQ.EST,0.9857846
Puerto Rico,PRI,Rule of Law: Estimate,RL.EST,0.7474626
Puerto Rico,PRI,Voice and Accountability: Estimate,VA.EST,0.4037208
Qatar,QAT,Control of Corruption: Estimate,CC.EST,0.8918228
Qatar,QAT,Government Effectiveness: Estimate,GE.EST,0.9546039
Qatar,QAT,Political Stability and Absence of Violence/Terrorism: Estimate,PV.EST,0.9966304
Qatar,QAT,Regulatory Quality: Estimate,RQ.EST,0.6785886
Qatar,QAT,Rule of Law: Estimate,RL.EST,0.7704065
Qatar,QAT,Voice and Accountability: Estimate,VA.EST,-1.14477
Reunion,REU,Control of Corruption: Estimate,CC.EST,0.632761
Reunion,REU,Government Effectiveness: Estimate,GE.EST,1.007015
Reunion,REU,Political Stability and Absence of Violence/Terrorism: Estimate,PV.EST,0.2859343
Reunion,REU,Regulatory Quality: Estimate,RQ.EST,1.283185
Reunion,REU,Rule of Law: Estimate,RL.EST,1.114372
Reunion,REU,Voice and Accountability: Estimate,VA.EST,..
Romania,ROU,Control of Corruption: Estimate,CC.EST,-0.1024358
Romania,ROU,Government Effectiveness: Estimate,GE.EST,0.1072816
Romania,ROU,Political Stability and Absence of Violence/Terrorism: Estimate,PV.EST,0.1891144
Romania,ROU,Regulatory Quality: Estimate,RQ.EST,0.5967953
Romania,ROU,Rule of Law: Estimate,RL.EST,0.1953149
Romania,ROU,Voice and Accountability: Estimate,VA.EST,0.4861361
Russian Federation,RUS,Control of Corruption: Estimate,CC.EST,-0.9492745
Russian Federation,RUS,Government Effectiveness: Estimate,GE.EST,-0.2047026
Russian Federation,RUS,Political Stability and Absence of Violence/Terrorism: Estimate,PV.EST,-1.029335
Russian Federation,RUS,Regulatory Quality: Estimate,RQ.EST,-0.5207789
Russian Federation,RUS,Rule of Law: Estimate,RL.EST,-0.7637034
Russian Federation,RUS,Voice and Accountability: Estimate,VA.EST,-1.087747
Rwanda,RWA,Control of Corruption: Estimate,CC.EST,0.6359937
Rwanda,RWA,Government Effectiveness: Estimate,GE.EST,-0.0461111
Rwanda,RWA,Political Stability and Absence of Violence/Terrorism: Estimate,PV.EST,0.0132411
Rwanda,RWA,Regulatory Quality: Estimate,RQ.EST,0.2429835
Rwanda,RWA,Rule of Law: Estimate,RL.EST,0.0503257
Rwanda,RWA,Voice and Accountability: Estimate,VA.EST,-1.135208
Samoa,WSM,Control of Corruption: Estimate,CC.EST,0.2912004
Samoa,WSM,Government Effectiveness: Estimate,GE.EST,0.5082157
Samoa,WSM,Political Stability and Absence of Violence/Terrorism: Estimate,PV.EST,1.183974
Samoa,WSM,Regulatory Quality: Estimate,RQ.EST,-0.0804414
Samoa,WSM,Rule of Law: Estimate,RL.EST,0.6983694
Samoa,WSM,Voice and Accountability: Estimate,VA.EST,0.7358328
San Marino,SMR,Control of Corruption: Estimate,CC.EST,..
San Marino,SMR,Government Effectiveness: Estimate,GE.EST,..
San Marino,SMR,Political Stability and Absence of Violence/Terrorism: Estimate,PV.EST,0.9194738
San Marino,SMR,Regulatory Quality: Estimate,RQ.EST,..
San Marino,SMR,Rule of Law: Estimate,RL.EST,..
San Marino,SMR,Voice and Accountability: Estimate,VA.EST,1.189849
Sao Tome and Principe,STP,Control of Corruption: Estimate,CC.EST,-0.0450554
Sao Tome and Principe,STP,Government Effectiveness: Estimate,GE.EST,-0.7511426
Sao Tome and Principe,STP,Political Stability and Absence of Violence/Terrorism: Estimate,PV.EST,0.1440426
Sao Tome and Principe,STP,Regulatory Quality: Estimate,RQ.EST,-0.7713445
Sao Tome and Principe,STP,Rule of Law: Estimate,RL.EST,-0.7561453
Sao Tome and Principe,STP,Voice and Accountability: Estimate,VA.EST,0.2800619
Saudi Arabia,SAU,Control of Corruption: Estimate,CC.EST,0.0522682
Saudi Arabia,SAU,Government Effectiveness: Estimate,GE.EST,0.1996553
Saudi Arabia,SAU,Political Stability and Absence of Violence/Terrorism: Estimate,PV.EST,-0.626399
Saudi Arabia,SAU,Regulatory Quality: Estimate,RQ.EST,0.0251311
Saudi Arabia,SAU,Rule of Law: Estimate,RL.EST,0.1177256
Saudi Arabia,SAU,Voice and Accountability: Estimate,VA.EST,-1.842696
Senegal,SEN,Control of Corruption: Estimate,CC.EST,0.059148
Senegal,SEN,Government Effectiveness: Estimate,GE.EST,-0.4266944
Senegal,SEN,Political Stability and Absence of Violence/Terrorism: Estimate,PV.EST,-0.1166648
Senegal,SEN,Regulatory Quality: Estimate,RQ.EST,-0.1575582
Senegal,SEN,Rule of Law: Estimate,RL.EST,-0.1417563
Senegal,SEN,Voice and Accountability: Estimate,VA.EST,0.2836308
Serbia,SRB,Control of Corruption: Estimate,CC.EST,-0.2669985
Serbia,SRB,Government Effectiveness: Estimate,GE.EST,0.1108453
Serbia,SRB,Political Stability and Absence of Violence/Terrorism: Estimate,PV.EST,0.238982
Serbia,SRB,Regulatory Quality: Estimate,RQ.EST,0.155342
Serbia,SRB,Rule of Law: Estimate,RL.EST,-0.1172576
Serbia,SRB,Voice and Accountability: Estimate,VA.EST,0.2310588
Seychelles,SYC,Control of Corruption: Estimate,CC.EST,0.8839535
Seychelles,SYC,Government Effectiveness: Estimate,GE.EST,0.4225658
Seychelles,SYC,Political Stability and Absence of Violence/Terrorism: Estimate,PV.EST,0.6887798
Seychelles,SYC,Regulatory Quality: Estimate,RQ.EST,-0.0918801
Seychelles,SYC,Rule of Law: Estimate,RL.EST,0.2009522
Seychelles,SYC,Voice and Accountability: Estimate,VA.EST,0.0801113
Sierra Leone,SLE,Control of Corruption: Estimate,CC.EST,-0.7997883
Sierra Leone,SLE,Government Effectiveness: Estimate,GE.EST,-1.250111
Sierra Leone,SLE,Political Stability and Absence of Violence/Terrorism: Estimate,PV.EST,-0.1025168
Sierra Leone,SLE,Regulatory Quality: Estimate,RQ.EST,-0.8951481
Sierra Leone,SLE,Rule of Law: Estimate,RL.EST,-0.8536821
Sierra Leone,SLE,Voice and Accountability: Estimate,VA.EST,-0.2704397
Singapore,SGP,Control of Corruption: Estimate,CC.EST,2.093367
Singapore,SGP,Government Effectiveness: Estimate,GE.EST,2.236045
Singapore,SGP,Political Stability and Absence of Violence/Terrorism: Estimate,PV.EST,1.311753
Singapore,SGP,Regulatory Quality: Estimate,RQ.EST,2.260543
Singapore,SGP,Rule of Law: Estimate,RL.EST,1.813336
Singapore,SGP,Voice and Accountability: Estimate,VA.EST,-0.1618217
Slovak Republic,SVK,Control of Corruption: Estimate,CC.EST,0.1429831
Slovak Republic,SVK,Government Effectiveness: Estimate,GE.EST,0.7683401
Slovak Republic,SVK,Political Stability and Absence of Violence/Terrorism: Estimate,PV.EST,0.8745452
Slovak Republic,SVK,Regulatory Quality: Estimate,RQ.EST,0.788662
Slovak Republic,SVK,Rule of Law: Estimate,RL.EST,0.4926068
Slovak Republic,SVK,Voice and Accountability: Estimate,VA.EST,0.9654341
Slovenia,SVN,Control of Corruption: Estimate,CC.EST,0.7733145
Slovenia,SVN,Government Effectiveness: Estimate,GE.EST,0.9721034
Slovenia,SVN,Political Stability and Absence of Violence/Terrorism: Estimate,PV.EST,0.9533927
Slovenia,SVN,Regulatory Quality: Estimate,RQ.EST,0.6263494
Slovenia,SVN,Rule of Law: Estimate,RL.EST,0.9744548
Slovenia,SVN,Voice and Accountability: Estimate,VA.EST,0.9868262
Solomon Islands,SLB,Control of Corruption: Estimate,CC.EST,-0.3408055
Solomon Islands,SLB,Government Effectiveness: Estimate,GE.EST,-1.024599
Solomon Islands,SLB,Political Stability and Absence of Violence/Terrorism: Estimate,PV.EST,0.6609848
Solomon Islands,SLB,Regulatory Quality: Estimate,RQ.EST,-0.9462257
Solomon Islands,SLB,Rule of Law: Estimate,RL.EST,-0.4862776
Solomon Islands,SLB,Voice and Accountability: Estimate,VA.EST,0.2845245
Somalia,SOM,Control of Corruption: Estimate,CC.EST,-1.615454
Somalia,SOM,Government Effectiveness: Estimate,GE.EST,-2.197022
Somalia,SOM,Political Stability and Absence of Violence/Terrorism: Estimate,PV.EST,-2.380828
Somalia,SOM,Regulatory Quality: Estimate,RQ.EST,-2.15277
Somalia,SOM,Rule of Law: Estimate,RL.EST,-2.300136
Somalia,SOM,Voice and Accountability: Estimate,VA.EST,-2.001478
South Africa,ZAF,Control of Corruption: Estimate,CC.EST,0.0252705
South Africa,ZAF,Government Effectiveness: Estimate,GE.EST,0.2915252
South Africa,ZAF,Political Stability and Absence of Violence/Terrorism: Estimate,PV.EST,-0.2129929
South Africa,ZAF,Regulatory Quality: Estimate,RQ.EST,0.2793786
South Africa,ZAF,Rule of Law: Estimate,RL.EST,0.0881371
South Africa,ZAF,Voice and Accountability: Estimate,VA.EST,0.650173
South Sudan,SSD,Control of Corruption: Estimate,CC.EST,-1.687825
South Sudan,SSD,Government Effectiveness: Estimate,GE.EST,-2.163243
South Sudan,SSD,Political Stability and Absence of Violence/Terrorism: Estimate,PV.EST,-2.375689
South Sudan,SSD,Regulatory Quality: Estimate,RQ.EST,-1.683604
South Sudan,SSD,Rule of Law: Estimate,RL.EST,-1.855509
South Sudan,SSD,Voice and Accountability: Estimate,VA.EST,-1.594526
Spain,ESP,Control of Corruption: Estimate,CC.EST,0.6669499
Spain,ESP,Government Effectiveness: Estimate,GE.EST,1.188101
Spain,ESP,Political Stability and Absence of Violence/Terrorism: Estimate,PV.EST,0.2514912
Spain,ESP,Regulatory Quality: Estimate,RQ.EST,0.8076367
Spain,ESP,Rule of Law: Estimate,RL.EST,0.9148642
Spain,ESP,Voice and Accountability: Estimate,VA.EST,1.044831
Sri Lanka,LKA,Control of Corruption: Estimate,CC.EST,-0.3441233
Sri Lanka,LKA,Government Effectiveness: Estimate,GE.EST,-0.0095256
Sri Lanka,LKA,Political Stability and Absence of Violence/Terrorism: Estimate,PV.EST,0.0903681
Sri Lanka,LKA,Regulatory Quality: Estimate,RQ.EST,-0.0529576
Sri Lanka,LKA,Rule of Law: Estimate,RL.EST,0.0372322
Sri Lanka,LKA,Voice and Accountability: Estimate,VA.EST,-0.2961409
St. Kitts and Nevis,KNA,Control of Corruption: Estimate,CC.EST,0.5047486
St. Kitts and Nevis,KNA,Government Effectiveness: Estimate,GE.EST,0.1170366
St. Kitts and Nevis,KNA,Political Stability and Absence of Violence/Terrorism: Estimate,PV.EST,0.5823264
St. Kitts and Nevis,KNA,Regulatory Quality: Estimate,RQ.EST,0.3781135
St. Kitts and Nevis,KNA,Rule of Law: Estimate,RL.EST,0.4794223
St. Kitts and Nevis,KNA,Voice and Accountability: Estimate,VA.EST,0.8474529
St. Lucia,LCA,Control of Corruption: Estimate,CC.EST,0.6180407
St. Lucia,LCA,Government Effectiveness: Estimate,GE.EST,-0.0794937
St. Lucia,LCA,Political Stability and Absence of Violence/Terrorism: Estimate,PV.EST,0.8536908
St. Lucia,LCA,Regulatory Quality: Estimate,RQ.EST,0.3061971
St. Lucia,LCA,Rule of Law: Estimate,RL.EST,0.6727381
St. Lucia,LCA,Voice and Accountability: Estimate,VA.EST,1.022667
St. Vincent and the Grenadines,VCT,Control of Corruption: Estimate,CC.EST,0.6749921
St. Vincent and the Grenadines,VCT,Government Effectiveness: Estimate,GE.EST,0.0295989
St. Vincent and the Grenadines,VCT,Political Stability and Absence of Violence/Terrorism: Estimate,PV.EST,1.004725
St. Vincent and the Grenadines,VCT,Regulatory Quality: Estimate,RQ.EST,0.2660685
St. Vincent and the Grenadines,VCT,Rule of Law: Estimate,RL.EST,0.5927652
St. Vincent and the Grenadines,VCT,Voice and Accountability: Estimate,VA.EST,0.9687719
Sudan,SDN,Control of Corruption: Estimate,CC.EST,-1.466719
Sudan,SDN,Government Effectiveness: Estimate,GE.EST,-1.476073
Sudan,SDN,Political Stability and Absence of Violence/Terrorism: Estimate,PV.EST,-2.162183
Sudan,SDN,Regulatory Quality: Estimate,RQ.EST,-1.490344
Sudan,SDN,Rule of Law: Estimate,RL.EST,-1.211051
Sudan,SDN,Voice and Accountability: Estimate,VA.EST,-1.782845
Suriname,SUR,Control of Corruption: Estimate,CC.EST,-0.2390532
Suriname,SUR,Government Effectiveness: Estimate,GE.EST,-0.3460965
Suriname,SUR,Political Stability and Absence of Violence/Terrorism: Estimate,PV.EST,0.2566883
Suriname,SUR,Regulatory Quality: Estimate,RQ.EST,-0.6074461
Suriname,SUR,Rule of Law: Estimate,RL.EST,-0.1954629
Suriname,SUR,Voice and Accountability: Estimate,VA.EST,0.4113952
Sweden,SWE,Control of Corruption: Estimate,CC.EST,2.188359
Sweden,SWE,Government Effectiveness: Estimate,GE.EST,1.715613
Sweden,SWE,Political Stability and Absence of Violence/Terrorism: Estimate,PV.EST,0.9471064
Sweden,SWE,Regulatory Quality: Estimate,RQ.EST,1.815066
Sweden,SWE,Rule of Law: Estimate,RL.EST,2.026205
Sweden,SWE,Voice and Accountability: Estimate,VA.EST,1.56531
Switzerland,CHE,Control of Corruption: Estimate,CC.EST,2.137136
Switzerland,CHE,Government Effectiveness: Estimate,GE.EST,1.99769
Switzerland,CHE,Political Stability and Absence of Violence/Terrorism: Estimate,PV.EST,1.339359
Switzerland,CHE,Regulatory Quality: Estimate,RQ.EST,1.741087
Switzerland,CHE,Rule of Law: Estimate,RL.EST,1.945031
Switzerland,CHE,Voice and Accountability: Estimate,VA.EST,1.558501
Syrian Arab Republic,SYR,Control of Corruption: Estimate,CC.EST,-1.545993
Syrian Arab Republic,SYR,Government Effectiveness: Estimate,GE.EST,-1.590608
Syrian Arab Republic,SYR,Political Stability and Absence of Violence/Terrorism: Estimate,PV.EST,-2.974081
Syrian Arab Republic,SYR,Regulatory Quality: Estimate,RQ.EST,-1.635518
Syrian Arab Republic,SYR,Rule of Law: Estimate,RL.EST,-1.423091
Syrian Arab Republic,SYR,Voice and Accountability: Estimate,VA.EST,-1.922481
"Taiwan, China",TWN,Control of Corruption: Estimate,CC.EST,0.7740635
"Taiwan, China",TWN,Government Effectiveness: Estimate,GE.EST,1.395429
"Taiwan, China",TWN,Political Stability and Absence of Violence/Terrorism: Estimate,PV.EST,0.9204997
"Taiwan, China",TWN,Regulatory Quality: Estimate,RQ.EST,1.345918
"Taiwan, China",TWN,Rule of Law: Estimate,RL.EST,1.162021
"Taiwan, China",TWN,Voice and Accountability: Estimate,VA.EST,0.8984895
Tajikistan,TJK,Control of Corruption: Estimate,CC.EST,-1.125875
Tajikistan,TJK,Government Effectiveness: Estimate,GE.EST,-0.8484808
Tajikistan,TJK,Political Stability and Absence of Violence/Terrorism: Estimate,PV.EST,-0.8826423
Tajikistan,TJK,Regulatory Quality: Estimate,RQ.EST,-1.02426
Tajikistan,TJK,Rule of Law: Estimate,RL.EST,-1.055601
Tajikistan,TJK,Voice and Accountability: Estimate,VA.EST,-1.569086
Tanzania,TZA,Control of Corruption: Estimate,CC.EST,-0.6878752
Tanzania,TZA,Government Effectiveness: Estimate,GE.EST,-0.6022146
Tanzania,TZA,Political Stability and Absence of Violence/Terrorism: Estimate,PV.EST,-0.4161943
Tanzania,TZA,Regulatory Quality: Estimate,RQ.EST,-0.3749183
Tanzania,TZA,Rule of Law: Estimate,RL.EST,-0.3718432
Tanzania,TZA,Voice and Accountability: Estimate,VA.EST,-0.2217764
Thailand,THA,Control of Corruption: Estimate,CC.EST,-0.4934061
Thailand,THA,Government Effectiveness: Estimate,GE.EST,0.3498439
Thailand,THA,Political Stability and Absence of Violence/Terrorism: Estimate,PV.EST,-0.9944293
Thailand,THA,Regulatory Quality: Estimate,RQ.EST,0.2920193
Thailand,THA,Rule of Law: Estimate,RL.EST,-0.1477922
Thailand,THA,Voice and Accountability: Estimate,VA.EST,-0.9691051
Timor-Leste,TLS,Control of Corruption: Estimate,CC.EST,-0.521642
Timor-Leste,TLS,Government Effectiveness: Estimate,GE.EST,-1.045753
Timor-Leste,TLS,Political Stability and Absence of Violence/Terrorism: Estimate,PV.EST,-0.2718863
Timor-Leste,TLS,Regulatory Quality: Estimate,RQ.EST,-0.9656562
Timor-Leste,TLS,Rule of Law: Estimate,RL.EST,-1.121583
Timor-Leste,TLS,Voice and Accountability: Estimate,VA.EST,0.1861515
Togo,TGO,Control of Corruption: Estimate,CC.EST,-0.723914
Togo,TGO,Government Effectiveness: Estimate,GE.EST,-1.193272
Togo,TGO,Political Stability and Absence of Violence/Terrorism: Estimate,PV.EST,-0.2313481
Togo,TGO,Regulatory Quality: Estimate,RQ.EST,-0.8177804
Togo,TGO,Rule of Law: Estimate,RL.EST,-0.7995394
Togo,TGO,Voice and Accountability: Estimate,VA.EST,-0.7007843
Tonga,TON,Control of Corruption: Estimate,CC.EST,-0.467394
Tonga,TON,Government Effectiveness: Estimate,GE.EST,-0.3304715
Tonga,TON,Political Stability and Absence of Violence/Terrorism: Estimate,PV.EST,0.8863344
Tonga,TON,Regulatory Quality: Estimate,RQ.EST,-0.4169923
Tonga,TON,Rule of Law: Estimate,RL.EST,-0.2009375
Tonga,TON,Voice and Accountability: Estimate,VA.EST,0.6616573
Trinidad and Tobago,TTO,Control of Corruption: Estimate,CC.EST,-0.3006883
Trinidad and Tobago,TTO,Government Effectiveness: Estimate,GE.EST,0.2321845
Trinidad and Tobago,TTO,Political Stability and Absence of Violence/Terrorism: Estimate,PV.EST,0.2861143
Trinidad and Tobago,TTO,Regulatory Quality: Estimate,RQ.EST,0.1544614
Trinidad and Tobago,TTO,Rule of Law: Estimate,RL.EST,-0.1160847
Trinidad and Tobago,TTO,Voice and Accountability: Estimate,VA.EST,0.4805337
Tunisia,TUN,Control of Corruption: Estimate,CC.EST,-0.0687086
Tunisia,TUN,Government Effectiveness: Estimate,GE.EST,-0.1205428
Tunisia,TUN,Political Stability and Absence of Violence/Terrorism: Estimate,PV.EST,-0.9603872
Tunisia,TUN,Regulatory Quality: Estimate,RQ.EST,-0.4053105
Tunisia,TUN,Rule of Law: Estimate,RL.EST,-0.0661719
Tunisia,TUN,Voice and Accountability: Estimate,VA.EST,0.2414132
Turkey,TUR,Control of Corruption: Estimate,CC.EST,-0.1543013
Turkey,TUR,Government Effectiveness: Estimate,GE.EST,0.2227048
Turkey,TUR,Political Stability and Absence of Violence/Terrorism: Estimate,PV.EST,-1.493914
Turkey,TUR,Regulatory Quality: Estimate,RQ.EST,0.2708806
Turkey,TUR,Rule of Law: Estimate,RL.EST,-0.1131079
Turkey,TUR,Voice and Accountability: Estimate,VA.EST,-0.3677201
Turkmenistan,TKM,Control of Corruption: Estimate,CC.EST,-1.346857
Turkmenistan,TKM,Government Effectiveness: Estimate,GE.EST,-0.8507059
Turkmenistan,TKM,Political Stability and Absence of Violence/Terrorism: Estimate,PV.EST,-0.0877989
Turkmenistan,TKM,Regulatory Quality: Estimate,RQ.EST,-2.073841
Turkmenistan,TKM,Rule of Law: Estimate,RL.EST,-1.417884
Turkmenistan,TKM,Voice and Accountability: Estimate,VA.EST,-2.237535
Tuvalu,TUV,Control of Corruption: Estimate,CC.EST,-0.0328858
Tuvalu,TUV,Government Effectiveness: Estimate,GE.EST,-0.9637454
Tuvalu,TUV,Political Stability and Absence of Violence/Terrorism: Estimate,PV.EST,1.391288
Tuvalu,TUV,Regulatory Quality: Estimate,RQ.EST,-0.686199
Tuvalu,TUV,Rule of Law: Estimate,RL.EST,0.3569353
Tuvalu,TUV,Voice and Accountability: Estimate,VA.EST,1.068598
Uganda,UGA,Control of Corruption: Estimate,CC.EST,-1.051799
Uganda,UGA,Government Effectiveness: Estimate,GE.EST,-0.4849258
Uganda,UGA,Political Stability and Absence of Violence/Terrorism: Estimate,PV.EST,-0.8045017
Uganda,UGA,Regulatory Quality: Estimate,RQ.EST,-0.2619876
Uganda,UGA,Rule of Law: Estimate,RL.EST,-0.3903005
Uganda,UGA,Voice and Accountability: Estimate,VA.EST,-0.5670019
Ukraine,UKR,Control of Corruption: Estimate,CC.EST,-0.9800457
Ukraine,UKR,Government Effectiveness: Estimate,GE.EST,-0.5238288
Ukraine,UKR,Political Stability and Absence of Violence/Terrorism: Estimate,PV.EST,-1.9618
Ukraine,UKR,Regulatory Quality: Estimate,RQ.EST,-0.5947011
Ukraine,UKR,Rule of Law: Estimate,RL.EST,-0.8136155
Ukraine,UKR,Voice and Accountability: Estimate,VA.EST,-0.0867992
United Arab Emirates,ARE,Control of Corruption: Estimate,CC.EST,1.072319
United Arab Emirates,ARE,Government Effectiveness: Estimate,GE.EST,1.509267
United Arab Emirates,ARE,Political Stability and Absence of Violence/Terrorism: Estimate,PV.EST,0.7595454
United Arab Emirates,ARE,Regulatory Quality: Estimate,RQ.EST,1.111059
United Arab Emirates,ARE,Rule of Law: Estimate,RL.EST,0.6407622
United Arab Emirates,ARE,Voice and Accountability: Estimate,VA.EST,-1.112425
United Kingdom,GBR,Control of Corruption: Estimate,CC.EST,1.872378
United Kingdom,GBR,Government Effectiveness: Estimate,GE.EST,1.735867
United Kingdom,GBR,Political Stability and Absence of Violence/Terrorism: Estimate,PV.EST,0.5177479
United Kingdom,GBR,Regulatory Quality: Estimate,RQ.EST,1.845658
United Kingdom,GBR,Rule of Law: Estimate,RL.EST,1.805544
United Kingdom,GBR,Voice and Accountability: Estimate,VA.EST,1.297837
United States,USA,Control of Corruption: Estimate,CC.EST,1.39741
United States,USA,Government Effectiveness: Estimate,GE.EST,1.463184
United States,USA,Political Stability and Absence of Violence/Terrorism: Estimate,PV.EST,0.6780624
United States,USA,Regulatory Quality: Estimate,RQ.EST,1.256155
United States,USA,Rule of Law: Estimate,RL.EST,1.595975
United States,USA,Voice and Accountability: Estimate,VA.EST,1.109821
Uruguay,URY,Control of Corruption: Estimate,CC.EST,1.317308
Uruguay,URY,Government Effectiveness: Estimate,GE.EST,0.5285664
Uruguay,URY,Political Stability and Absence of Violence/Terrorism: Estimate,PV.EST,1.004238
Uruguay,URY,Regulatory Quality: Estimate,RQ.EST,0.4245313
Uruguay,URY,Rule of Law: Estimate,RL.EST,0.71231
Uruguay,URY,Voice and Accountability: Estimate,VA.EST,1.143404
Uzbekistan,UZB,Control of Corruption: Estimate,CC.EST,-1.262162
Uzbekistan,UZB,Government Effectiveness: Estimate,GE.EST,-0.6720677
Uzbekistan,UZB,Political Stability and Absence of Violence/Terrorism: Estimate,PV.EST,-0.3730364
Uzbekistan,UZB,Regulatory Quality: Estimate,RQ.EST,-1.642438
Uzbekistan,UZB,Rule of Law: Estimate,RL.EST,-1.111262
Uzbekistan,UZB,Voice and Accountability: Estimate,VA.EST,-1.95614
Vanuatu,VUT,Control of Corruption: Estimate,CC.EST,-0.1167238
Vanuatu,VUT,Government Effectiveness: Estimate,GE.EST,-0.7838682
Vanuatu,VUT,Political Stability and Absence of Violence/Terrorism: Estimate,PV.EST,0.4784089
Vanuatu,VUT,Regulatory Quality: Estimate,RQ.EST,-0.3493441
Vanuatu,VUT,Rule of Law: Estimate,RL.EST,0.1040307
Vanuatu,VUT,Voice and Accountability: Estimate,VA.EST,0.5929779
"Venezuela, RB",VEN,Control of Corruption: Estimate,CC.EST,-1.391556
"Venezuela, RB",VEN,Government Effectiveness: Estimate,GE.EST,-1.220135
"Venezuela, RB",VEN,Political Stability and Absence of Violence/Terrorism: Estimate,PV.EST,-0.9771809
"Venezuela, RB",VEN,Regulatory Quality: Estimate,RQ.EST,-1.884915
"Venezuela, RB",VEN,Rule of Law: Estimate,RL.EST,-2.032399
"Venezuela, RB",VEN,Voice and Accountability: Estimate,VA.EST,-1.091086
Vietnam,VNM,Control of Corruption: Estimate,CC.EST,-0.4261853
Vietnam,VNM,Government Effectiveness: Estimate,GE.EST,0.067127
Vietnam,VNM,Political Stability and Absence of Violence/Terrorism: Estimate,PV.EST,0.0699705
Vietnam,VNM,Regulatory Quality: Estimate,RQ.EST,-0.4827265
Vietnam,VNM,Rule of Law: Estimate,RL.EST,-0.3394253
Vietnam,VNM,Voice and Accountability: Estimate,VA.EST,-1.358865
Virgin Islands (U.S.),VIR,Control of Corruption: Estimate,CC.EST,0.632761
Virgin Islands (U.S.),VIR,Government Effectiveness: Estimate,GE.EST,1.266961
Virgin Islands (U.S.),VIR,Political Stability and Absence of Violence/Terrorism: Estimate,PV.EST,1.249272
Virgin Islands (U.S.),VIR,Regulatory Quality: Estimate,RQ.EST,0.5426964
Virgin Islands (U.S.),VIR,Rule of Law: Estimate,RL.EST,0.8836293
Virgin Islands (U.S.),VIR,Voice and Accountability: Estimate,VA.EST,..
West Bank and Gaza,PSE,Control of Corruption: Estimate,CC.EST,-0.4533282
West Bank and Gaza,PSE,Government Effectiveness: Estimate,GE.EST,-0.4740913
West Bank and Gaza,PSE,Political Stability and Absence of Violence/Terrorism: Estimate,PV.EST,-2.160502
West Bank and Gaza,PSE,Regulatory Quality: Estimate,RQ.EST,0.1028548
West Bank and Gaza,PSE,Rule of Law: Estimate,RL.EST,-0.5059261
West Bank and Gaza,PSE,Voice and Accountability: Estimate,VA.EST,-0.9858359
"Yemen, Rep.",YEM,Control of Corruption: Estimate,CC.EST,-1.474318
"Yemen, Rep.",YEM,Government Effectiveness: Estimate,GE.EST,-1.627295
"Yemen, Rep.",YEM,Political Stability and Absence of Violence/Terrorism: Estimate,PV.EST,-2.680222
"Yemen, Rep.",YEM,Regulatory Quality: Estimate,RQ.EST,-1.125278
"Yemen, Rep.",YEM,Rule of Law: Estimate,RL.EST,-1.271131
"Yemen, Rep.",YEM,Voice and Accountability: Estimate,VA.EST,-1.523454
Zambia,ZMB,Control of Corruption: Estimate,CC.EST,-0.3412287
Zambia,ZMB,Government Effectiveness: Estimate,GE.EST,-0.5559088
Zambia,ZMB,Political Stability and Absence of Violence/Terrorism: Estimate,PV.EST,0.1516949
Zambia,ZMB,Regulatory Quality: Estimate,RQ.EST,-0.4365156
Zambia,ZMB,Rule of Law: Estimate,RL.EST,-0.2297964
Zambia,ZMB,Voice and Accountability: Estimate,VA.EST,-0.0665427
Zimbabwe,ZWE,Control of Corruption: Estimate,CC.EST,-1.310675
Zimbabwe,ZWE,Government Effectiveness: Estimate,GE.EST,-1.158085
Zimbabwe,ZWE,Political Stability and Absence of Violence/Terrorism: Estimate,PV.EST,-0.6181563
Zimbabwe,ZWE,Regulatory Quality: Estimate,RQ.EST,-1.653554
Zimbabwe,ZWE,Rule of Law: Estimate,RL.EST,-1.317583
Zimbabwe,ZWE,Voice and Accountability: Estimate,VA.EST,-1.165902
,,,,
,,,,
,,,,
Data from database: Worldwide Governance Indicators,,,,
Last Updated: 09/27/2021,,,,
